"type","name","label","label..Arabic","relevant","constraint","required","repeat_count","constraint_message","constraint_message..Arabic","read_only","appearance","choice_filter","default","calculation","hint","hint..Arabic"
"start","start","","","","","","","","",NA,"","",NA,"","",""
"end","end","","","","","","","","",NA,"","",NA,"","",""
"today","date_assessment","","","","","","","","",NA,"","",NA,"","",""
"deviceid","deviceid","","","","","","","","",NA,"","",NA,"","",""
"select_one ngo","ngo","Please select the name of your organization","اسم المنظمة التي تجري الاستبيان","","","yes","","","",NA,"","",NA,"","",""
"text","ngo_other","If other, please specify","اذا اخرى، الرجاء التحديد","selected(${ngo},'other')","","yes","","","",NA,"","",NA,"","",""
"integer","enumerator_num","Please record your enumerator number","رقم العامل","","","yes","","","",NA,"","",NA,"","",""
"select_one Governorate_MCNA","Governorate_MCNA","Current Governorate","المحافظة الحالية","","","yes","","","",NA,"","",NA,"","",""
"select_one District_MCNA","District_MCNA","Current District","القضاء الحالي","","","yes","","","",NA,"","Governorate=${Governorate_MCNA}",NA,"","",""
"text","subdistrict_MCNA","Current Sub-district","الناحية الحالية","","","yes","","","",NA,"","",NA,"","",""
"select_one Yes_No","hhh","Are you the head of household? ","هل انت رب الاسرة؟","","","yes","","","",NA,"","",NA,"","",""
"select_one Yes_No","will_to_response","If no, are you willing and able to respond to the questions on behalf of the household?","اذا كلا, هل انت قادر و مستعد للاجابة على الاسئلة بالنيابة عنه؟","selected(${hhh}, 'no')",".='yes'","yes","","","",NA,"","",NA,"","اذا كلا، الرجاء انهاء المقابلة  والانتقال الى اسرة اخرى","اذا كلا، الرجاء انهاء المقابلة  والانتقال الى اسرة اخرى"
"integer","age_respondent","What is your age? ","عمر المجيب","",".> 17 and .< 120","yes","","Age cannot be below 18 and above 120","",NA,"","",NA,"","",""
"select_one Sex","gender_respondent","Respondent's sex","جنس المجيب ","","","yes","","","",NA,"","",NA,"","",""
"select_one Yes_No","consent","Hello, my name is __. We are conducting interviews in order to inform the humanitarian response in Iraq. This interview will take around 45 minutes,  and your answers will remain confidential and you are free to withdraw at any moment during the survey. Do you agree to participate?","مرحبا , انا اسمي __. نحن نجري المقابلات من أجل الابلاغ والحصول على الاستجابة الإنسانية في العراق. وهذه المقابلة تستغرق حوالي 45 دقيقة. وستبقى إجاباتك سرية. لك الحق في التوقف عن الاجابة في اي لحظة من الاستبيان. هل توافق على المشاركة؟","",".='yes'","yes","","","",NA,"","",NA,"","اذا كلا، الرجاء انهاء المقابلة  والانتقال الى اسرة اخرى","اذا كلا، الرجاء انهاء المقابلة  والانتقال الى اسرة اخرى"
"begin group","Household_Profile","Household Profile","تصنيفات الاسرة ","","","","","","",NA,"","",NA,"","",""
"select_one Yes_No","Displace_Status","Was your household living in this subdistrict prior to January 2014?","هل كانت اسرتك تعيش في هذه الناحية قبل كانون الثاني 2014؟","","","yes","","","",NA,"","",NA,"","",""
"select_one Yes_No","Displace_Status_returnee","Have you been displaced from this sub-district since January 2014?","هل كنت نازحاً من هذه الناحية منذ كانون الثاني 2014؟","selected(${Displace_Status}, 'yes')","","yes","","","",NA,"","",NA,"","",""
"note","note_returnee","This household is a returnee household.","هذه الاسرة عائدة","selected(${Displace_Status_returnee}, 'yes')","","","","","",NA,"","",NA,"","",""
"note","note_nondisplaced","This household is non-displaced.","هذه الاسرة باقية ( لم تنزح ابداً)","selected(${Displace_Status_returnee}, 'no')","","","","","",NA,"","",NA,"","",""
"select_one Yes_No","Displace_Status_idp","Did you move to this subdistrict because of the conflict?","هل انتقلت الى هذه الناحية بسبب الصراع؟","selected(${Displace_Status}, 'no')","","yes","","","",NA,"","",NA,"","",""
"note","note_IDP","This household is an IDP household.","هذه الاسرة هي اسرة نازحة","selected(${Displace_Status_idp}, 'yes')","","","","","",NA,"","",NA,"","",""
"note","note_inelegible","This household is not eligible for the MCNA - please end the survey and find an eligible household in the targeted category. Please cancel this form and move to the next household.","هذه الاسرة غير مؤهلة للاستبيان. الرجاء انهاء الاستبيان والبحث عن اسرة اخرى ضمن الشروط المطلوبة","selected(${Displace_Status_idp}, 'no')","","","","","",NA,"","",NA,"","",""
"calculate","calc_idp","","","","","","","","",NA,"","",NA,"if(selected(${Displace_Status_idp}, 'yes'), 1,0)","",""
"calculate","calc_returnee","","","","","","","","",NA,"","",NA,"if(selected(${Displace_Status_returnee}, 'yes'), 1,0)","",""
"calculate","calc_remainee","","","","","","","","",NA,"","",NA,"if(selected(${Displace_Status_returnee}, 'no'), 1,0)","",""
"calculate","calc_noteligible","","","","","","","","",NA,"","",NA,"if(selected(${Displace_Status_idp}, 'no'), 1,0)","",""
"select_one hh_type","type_hh","According to the note prompted before, select the correct population group.","استناداً الى الملاحظة التي تمت معايرتها، الرجاء تحديد نوع المجموعة السكانية التي تنتمي اليها هذه الاسرة","${calc_noteligible} = 0","","yes","","","",NA,"","",NA,"","",""
"date","return_date_returnee","When did you return to this subdistrict after your most recent incidence of displacement?","متى عدتَ الى هذه الناحية بعد آخر نزوح لك؟","${calc_returnee} = 1",". <=today()","yes","","","",NA,"month-year","",NA,"","",""
"integer","return_durationdisplace","For how many months were you displaced? ","كم عدد الاشهر التي كنتَ فيها نازحاً؟","${calc_returnee} = 1",".>=0 and .<=60 ","yes","","","",NA,"","",NA,"","The answer has to be between 0 and 60 months","يجب ان يكون الجواب بين 0 و 60 شهرا"
"date","displace_date_idp","When were you initially displaced from your sub-district? ","منى نزحتَ من ناحيتك في البداية؟","${calc_idp} = 1",". <=today() and . >= date('2014-01-01')","yes","","Date cannot be before 01/01/2014","",NA,"month-year","",NA,"","",""
"select_one Yes_No","idp_first_place","Is this location your first place of displacement? ","هل هذا المكان هو اول مكان للنزوح لك؟","${calc_idp} = 1","","yes","","","",NA,"","",NA,"","Place of displacement should not include transit areas. Displacement implies settling down somewhere (in or out of camp).","لا تشمل مناطق النزوح اي اماكن مؤقتة ( للاستراحة مثلا). نتحدث هنا عن مكان تم الاستقرار فيه ( داخل او خارج المخيم)"
"date","arrival_date_idp","When did you arrive to this current location? ","متى وصلت الى مكانك الحالي؟","${calc_idp} = 1",". <=today() and .>=${displace_date_idp}","yes","","","",NA,"month-year","",NA,"","",""
"select_one Governorate_MCNA","Governorate_origin","What governorate in Iraq were you living in before your displacement (forced to leave your home)?","في اي محافظة في العراق كنت تعيش قبل نزوحك؟ ( قبل اضطرارك الى مغادرة المنزل)","${calc_idp} = 1","","yes","","","",NA,"","",NA,"","",""
"select_one District_MCNA","District_origin","What district in Iraq were you living in before your displacement?","في اي قضاء كنت تعيش قبل نزوحك؟","${calc_idp} = 1","","yes","","","",NA,"","Governorate=${Governorate_origin}",NA,"","",""
"end group","","","","","","","","","",NA,"","",NA,"","",""
"begin group","intentions","Intention survey","النوايا","${calc_noteligible} = 0","","","","","",NA,"","",NA,"","",""
"select_one intention","movement_intentions","What are your household's current movement intentions for the next three months?","ماهي نوايا الانتقال الحالية بالنسبة للاسرة خلال الأشهر الثلاثة القادمة؟","${calc_idp} = 1","","yes","","","",NA,"","",NA,"","",""
"select_one intention_nonidp","movement_intentions_b","What are your household's current movement intentions for the next three months?","ماهي نوايا الانتقال الحالية بالنسبة للاسرة خلال الأشهر الثلاثة القادمة؟","${calc_returnee} = 1 or ${calc_remainee} = 1
","","yes","","","",NA,"","",NA,"","",""
"select_one intention_ret","movement_intentions_ret","What are the main reasons you would consider displacement again?","ماهي الاسباب الرئيسية التي قد تجعلك تقوم بالنزوح مرة اخرى؟","${calc_returnee} = 1 and not(selected(${movement_intentions_b}, 'remain'))","","yes","","","",NA,"","",NA,"","",""
"select_one intentions12","movement_intentions12","What are your household's current movement intentions for the next 12 months?","ماهي نوايا الانتقال الحالية بالنسبة للاسرة خلال الاشهر ال12 القادمة؟","${calc_idp} = 1 and not(selected(${movement_intentions},'return'))","","yes","","","",NA,"","",NA,"","",""
"select_multiple reasons_return","reason_to_return_to_aoo","What are the main reasons why you currently intend to return to your area of origin? (Select max 3)","ماهي الاسباب الرئيسية التي تجعلك حاليا تفكر بالعودة الى منطقتك الاصلية؟ ( حدد ثلاثة فقط كحد اقصى)","${calc_idp} = 1 and selected(${movement_intentions12}, 'return') or selected(${movement_intentions},'return')","count-selected(.)<=3","yes","","You cannot select more than 3 options.","",NA,"","",NA,"","",""
"select_multiple ox8ul79","why_not_return","If not intending to return within the next year, why not? (select max. 3)","اذا لم تكن تنوي العودة الى منطقة الاصل خلال السنة القادمة، ماهو سبب ذلك؟ ( حدد 3 كحد اقصى)","${calc_idp} = 1 and not(selected(${movement_intentions}, 'return')) and not(selected(${movement_intentions12},'return'))","if(selected(.,'do_not_know') or selected(.,'decline_to_answer'), count-selected(.)=1, count-selected(.)<=3)","yes","","You cannot select more than 3 options. You cannot select ""do not know"" or ""decline to answer"" and any other options.","لايجوز تحديد لا اعلم مع خيار آخر",NA,"","",NA,"","","لا يجب عليك ان تقرأ الخيارات للمجيب بصوت عالٍ"
"end group","","","","","","","","","",NA,"","",NA,"","",""
"begin group","protection","Protection survey","الحماية","${calc_noteligible} = 0","","","","","",NA,"","",NA,"","",""
"select_one Yes_No","documents_lost","Are the civil documents of any members of your family lost, damaged or expired?","هل فقدت او تضررت او انتهت صلاحية الوثائق المدنية لأي شخص من العائلة ؟","","","yes","","","",NA,"","",NA,"","",""
"note","ref_docs","Individuals in this household are missing documents, please refer to the appropiate actor.","افراد الاسرة الذين لديهم وثائق مفقودة، يرجى الرجوع الى قسم الحماية الوظنية","selected(${documents_lost}, 'yes')","","","","","",NA,"","",NA,"","",""
"integer","register_MODM","How many individuals in your family are registered with MODM or DDM?","كم عدد أفراد عائلتك المسجلين في وزارة الهجرة والمهجرين او في دائرة الهجرة؟","${calc_idp} = 1 or ${calc_returnee} = 1
","","yes","","","",NA,"","",NA,"","",""
"select_one YNDD","restrictions","In the past month, has anyone in your HH experienced restrictions in their ability to move freely in your area in day light? ","في الشهر الماضي ، هل عانى أي شخص من اسرتك من قيود في التحرك بحرية في منطقتك أثناء النهار؟","","","yes","","","",NA,"","",NA,"","",""
"select_multiple restriction","restriction_type","If yes, what are the movement restrictions they have faced?","إذا كانت الإجابة نعم ، فماذا كانت قيود الحركة التي واجهتها؟","selected(${restrictions},'yes')","","yes","","","",NA,"","",NA,"","",""
"text","restriction_type_other","If other, please specify","اذا اخرى، الرجاء التحديد","selected(${restriction_type},'other')","count-selected(.)<=3","yes","","You cannot select more than 3 options.","",NA,"","",NA,"","",""
"select_one restriction_number","restriction_number","How many times did your HH face such movement restrictions in the past month?","كم مرة واجهت اسرتك مثل هذه القيود على الحركة في الشهر الماضي؟","selected(${restrictions},'yes')","","yes","","","",NA,"","",NA,"","",""
"select_one hlp_docs","hlp_docs","If your household owns a house, property or land in your area of origin, where are your proof of ownership documents?","إذا كانت أسرتك تمتلك منزلاً أو عقارًا أو أرضًا في منطقتك الأصلية ، فأين هي مستندات إثبات الملكية الخاصة بك؟","","","yes","","","",NA,"","",NA,"","",""
"note","ref_hlpdocs","Documents attesting HLP ownership are missing, please refer to the appropiate actor.","يرجى الرجوع الى قسم الحماية الوطنية اذا كانت وثائق الملكية العقارية قد فُقدت","selected(${hlp_docs}, 'lost') or selected(${hlp_docs}, 'stolen_taken')","","","","","",NA,"","",NA,"","",""
"select_multiple places","safe_place","Where do women and girls in your community feel safe and comfortable to receive services after an incident of violence?  ","اين تشعر النساء والفتيات في مجتمعك بالأمان والراحة في تلقي الخدمات بعد حادثة عنف؟","","if(selected(.,'do_not_know') or selected(.,'decline_to_answer'), count-selected(.)=1, count-selected(.)>=1)","yes","","You cannot select ""do not know""or ""decline to answer"" and any other option","",NA,"","",NA,"","",""
"text","safe_place_other","If other, please specify","اذا اخرى، الرجاء التحديد","selected(${safe_place},'other')","","yes","","","",NA,"","",NA,"","",""
"end group","","","","","","","","","",NA,"","",NA,"","",""
"begin group","Household Roster","Household Roster","معلومات العائلة","${calc_noteligible} = 0","","","","","",NA,"","",NA,"","",""
"integer","num_hh_member","How many members are there in your household?","كم عدد افراد الاسرة؟","",".> 0","yes","","","",NA,"","",NA,"","",""
"note","ind_level","I will now ask you some questions regarding each individual of your family. We define family to include anyone who is under guardianship or responsibility of this family (e.g. separated or unaccompanied children, grandparents)? **Please start with the head of your family and please don't forget to include yourself!**","سوف أطرح عليك الآن بعض الأسئلة بخصوص كل فرد من أفراد عائلتك. يتم تعريف العائلة في هذا الاستبيان بالعائلة الأصلية بمافيهم الاشخاص الذين هم تحت وصاية او مسؤولية هذه العائلة ( مثال : الاطفال الغير مصحوبين او المنفصلين او الأجداد)  **الرجاء البدء برب العائلة ولا تنسى ان تدرّج نفسك ايضاً.**","","","","","","",NA,"","",NA,"","",""
"integer","num_family_member","How many members are there in your family?","كم عدد افراد العائلة ( بمافيهم الاشخاص الذين هم تحت وصاية او مسؤولية هذه العائلة ( مثال : الاطفال الغير مصحوبين او المنفصلين او الأجداد)؟","",".> 0","yes","","","",NA,"","",NA,"","",""
"begin_group","composition","Family Composition","تكوين الاسرة","","","","","","",NA,"","",NA,"","",""
"begin_repeat","member","Add a new group for each family member.","اضف مجموعة جديدة لكل فرد من العائلة بمافيهم الاشخاص الذين هم تحت وصاية او مسؤولية هذه العائلة ( مثال : الاطفال الغير مصحوبين او المنفصلين او الأجداد)","","","yes","${num_family_member}","","",NA,"","",NA,"","",""
"select_one relationship","relationship","What is [this person]'s relation to the head of household?","ماهي صلة قرابة هذا الشخص برب الاسرة؟","","","yes","","","",NA,"quick","",NA,"","",""
"begin_group","error_start","","","not(selected(${relationship}, 'error'))","","yes","","","",NA,"","",NA,"","",""
"select_one gender","sex","What is the sex of [this person]?","ماهو جنس هذه الشخص؟","","","yes","","","",NA,"quick","",NA,"","",""
"integer","age","What is the age of [this person]? ","كم هو عمر هذا الشخص؟","",".< 120","yes","","","",NA,"","",NA,"","",""
"select_one marital_status","marital_status","What is [person]'s marital status? ","ماهي الحالة الاجتماعية لهذا الشخص؟","${age} >= 12","","yes","","","",NA,"","",NA,"","",""
"select_one YND","disability","Does the person have any disabilities?","هل لدى هذا الشخص اعاقة؟","","","yes","","","",NA,"","",NA,"","",""
"select_one YNDD","disab_explos"," Is [this person's] disability related to an explosive hazard (i.e. mines, UXO, IED)?","هل اعاقة هذا الشخص مرتبطة بمخاطر متفجرة (مثل الألغام ، الذخائر غير المنفجرة ، العبوات الناسفة)؟","selected(${disability}, 'yes')","","yes","","","",NA,"","",NA,"","",""
"select_one YND","daily_living","Does the medical problem/disability affect the person’s ability to perform daily living activities?","هل تؤثر الإعاقة أو الحالة الصحية على قدرة الشخص على اداء انشطة الحياة اليومية؟","selected(${disability}, 'yes')","","yes","","","",NA,"quick","",NA,"","(eating, bathing, toileting, dressing, transferring)","من اكل الطعام او الاستحمام او الذهاب الى التواليت او التنقل"
"select_one YND","pregnant_lactating","Is the person pregnant or lactating?","هل الشخص حامل او مرضعة؟","selected(${sex} , 'female') and (${age} >= 12 and ${age} <= 50)","","yes","","","",NA,"","",NA,"","",""
"select_one Yes_No","person_doc_lost","Is the civil documents of [this person] lost, damaged or expired?","هل فقدت او تضررت او انتهت صلاحية الوثائق المدنية لهذ الشخص؟","selected(${documents_lost}, 'yes')","","yes","","","",NA,"","",NA,"","",""
"select_multiple civil_documents","civil_docs","If yes, which types of documentation are lost, damaged, or expired?","اذا نعم, مانوع الوثائق المدنية التي تم فقدانها او تضررت او انتهت صلاحيتها؟","selected(${person_doc_lost}, 'yes')","","yes","","","",NA,"","",NA,"","",""
"text","civil_docs_other","if other, please describe","اذا اخرى الرجاء الوصف","selected(${civil_docs}, 'other')","","yes","","","",NA,"","",NA,"","",""
"select_one YNDD","access_health_service","In the last three months, has [this person] needed to access health services or treatment (including medicines)?","في الأشهر الثلاثة الأخيرة ، هل كان[هذا الشخص] بحاجة إلى الوصول إلى الخدمات الصحية أو العلاج (بما في ذلك الأدوية)؟","","","yes","","","",NA,"","",NA,"","",""
"select_multiple health_barriers","healthcare_difficulties","What difficulties, if any, did the person encounter? ","ما الصعوبات (إن وجدت) التي واجهها الشخص؟","selected(${access_health_service}, 'yes')","","yes","","","",NA,"","",NA,"","",""
"select_multiple health_events","health_issues","In the past 30 days, has the person suffered from any the following health conditions or events?

","هل عانى الشخص من أي من الحالات أو الأحداث الصحية التالية خلال ال30 يوما الماضية؟","","not(selected(.,""none"") and count-selected(.) >1)
","yes","","Cannot select ""None"" together with any other option","لا ينبغي تحديد ( لاشيئ ) مع خيار آخر",NA,"field-list","",NA,"","",""
"text","health_issue_other","if other, please describe","اذا حالة صحية اخرى,  الرجاء الشرح","selected(${health_issues}, 'other')","","yes","","","",NA,"","",NA,"","",""
"select_multiple chronic","chronic_health_condition","Does this person have any of the following chronic health conditions? ","هل يعاني هذا الشخص من أي من الحالات الصحية المزمنة التالية؟","","","yes","","","",NA,"","",NA,"","",""
"select_one Yes_No","child_vaccine_polio","Has the child (under 5 years old) been vaccinated against Polio?","هل تم تلقيح الطفل (أقل من 5 سنوات) ضد شلل الأطفال؟","${age} <= 5","","yes","","","",NA,"","",NA,"","",""
"select_one Yes_No","child_vaccine_measeles","Has the child (under 5 years old) been vaccinated against Measles?","هل تم تلقيح الطفل (أقل من 5 سنوات) ضد الحصبة؟","${age} <= 5","","yes","","","",NA,"","",NA,"","",""
"select_one Yes_No","child_vaccine_penta3","Has the person (under 2 years old) been vaccinated against Penta 3?","هل تم تلقيح الطفل (أقل من سنتين) باللقاح الثلاثي ( الخناق والكزاز والسعال الديكي)؟","${age} <= 2","","yes","","","",NA,"","",NA,"","A combined vaccine with three individual vaccines (whooping cough, diphtheria،and tetanus)","هو لقاح مدمج مع ثلاثة لقاحات فردية مقترنة في واحدة ، تهدف إلى حماية الاطفال بشكل "
"select_one YNDD","attend_formal_ed","Is the person (6-17) currently attending formal education? (during school season)","هل يرتاد هذا الشخص (6-17 سنة) التعليم الرسمي حاليا؟ (خلال الموسم الدراسي)","(${age} >= 6 and ${age} <= 17)","","yes","","","",NA,"","",NA,"","",""
"select_one YNDD","attend_informal_ed","Is the person (6-17) currently attending a non-formal learning environment at least 3 days per week? (during school season)","هل يرتاد هذا الشخص (6-17 سنة) التعليم  الغير رسمي حاليا؟ (خلال الموسم الدراسي)","not(selected(${attend_formal_ed}, 'yes'))  and (${age} >= 6 and ${age} <= 17)","","yes","","","",NA,"","",NA,"","",""
"select_one YNDD","ever_attend","Has the person (6-17) ever attended school?","هل ارتاد الشخص (6-17) المدرسة من قبل؟","selected(${attend_formal_ed}, 'no') and (${age} >= 6 and ${age} <= 17)","","yes","","","",NA,"","",NA,"","",""
"date","drop_out","In what month and year did this person stop attending school? ","في اي شهر وسنة توقف هذا الشخص عن ارتياد المدرسة؟","selected(${ever_attend}, 'yes') and (${age} >= 6 and ${age} <= 17)","","yes","","","",NA,"month-year","",NA,"","",""
"select_multiple reasons_not_attend","reasons_not_attend","If the person does not attend school, what were the reasons? ","اذا لم يكن الشخص يرتاد المدرسة حاليا ، ماهي الاسباب وراء ذلك؟","selected(${ever_attend}, 'no') and (${age} >= 6 and ${age} <= 17)","","yes","","","",NA,"","",NA,"","",""
"text","resons_not_attend_other","if other, please describe","اذا اخرى الرجاء الوصف","selected(${reasons_not_attend}, 'other') and (${age} >= 6 and ${age} <= 17)","","yes","","","",NA,"","",NA,"","",""
"select_one Yes_No","work","Did [this person] work during the last 30 days?","هل عمل [هذا الشخص] خلال الثلاثين يومًا الماضية؟","${age} >= 6","","yes","","","",NA,"","",NA,"","",""
"select_one YND","actively_seek_work","Is [this person] actively seeking work?","هل يسعى هذا الشخص بنشاط للحصول على عمل؟","selected(${work}, 'no') and ${age}>=18","","yes","","","",NA,"","",NA,"","",""
"select_multiple employment_barrires","employment_primary_barriers","What obstacles, if any, is [this person] facing in finding work?","ما هي العقبات (ان وجدت) التي يواجهها هذا الشخص في العثور على عمل؟","selected(${work}, 'no') and selected(${actively_seek_work}, 'yes') and ${age}>=18","","yes","","","",NA,"","",NA,"","",""
"text","employment_primary_barriers_other","if other, please describe","اذا اخرى الرجاء الوصف","selected(${employment_primary_barriers}, 'other')","","yes","","","",NA,"","",NA,"","",""
"calculate","male_2","","","","","","","","",NA,"","",NA,"if(${age} <= 2 and ${sex}='male', 1,0)","",""
"calculate","female_2","","","","","","","","",NA,"","",NA,"if(${age} <= 2 and ${sex}='female', 1,0)","",""
"calculate","male_3_5","","","","","","","","",NA,"","",NA,"if(${age} >= 3 and ${age} <= 5 and ${sex}='male', 1,0)","",""
"calculate","female_3_5","","","","","","","","",NA,"","",NA,"if(${age} >= 3 and ${age} <= 5 and ${sex}='female', 1,0)","",""
"calculate","male_6_17","","","","","","","","",NA,"","",NA,"if(${age} >= 6 and ${age} <= 17 and ${sex}='male', 1,0)","",""
"calculate","female_6_17","","","","","","","","",NA,"","",NA,"if(${age} >= 6 and ${age} <= 17 and ${sex}='female', 1,0)","",""
"calculate","male_18_59","","","","","","","","",NA,"","",NA,"if(${age} >= 18  and ${age} <= 59 and ${sex}='male', 1,0)","",""
"calculate","female_18_59","","","","","","","","",NA,"","",NA,"if(${age} >= 18  and ${age} <= 59 and ${sex}='female', 1,0)","",""
"calculate","male_60","","","","","","","","",NA,"","",NA,"if(${age} >= 60 and ${sex}='male', 1,0)","",""
"calculate","female_60","","","","","","","","",NA,"","",NA,"if(${age} >= 60 and ${sex}='female', 1,0)","",""
"calculate","separated","","","","","","","","",NA,"","",NA,"if(${relationship}='nephew_niece', 1,0)","",""
"calculate","child_012","","","","","","","","",NA,"","",NA,"if(${age} >0 and ${age} <= 12, 1,0)","",""
"calculate","child_1317","","","","","","","","",NA,"","",NA,"if(${age} >=13 and ${age} <= 17, 1,0)","",""
"calculate","child","","","","","","","","",NA,"","",NA,"if(${age} >0 and ${age} <= 17, 1,0)","",""
"end_group","","","","","","","","","",NA,"","",NA,"","",""
"end_repeat","member_end","","","","","","","","",NA,"","",NA,"","",""
"end_group","composition_end","","","","","","","","",NA,"","",NA,"","",""
"calculate","male_2_calc","","","","","","","","",NA,"","",NA,"sum(${male_2})","",""
"calculate","female_2_calc","","","","","","","","",NA,"","",NA,"sum(${female_2})","",""
"calculate","male_3_5_calc","","","","","","","","",NA,"","",NA,"sum(${male_3_5})","",""
"calculate","female_3_5_calc","","","","","","","","",NA,"","",NA,"sum(${female_3_5})","",""
"calculate","male_6_17_calc","","","","","","","","",NA,"","",NA,"sum(${male_6_17})","",""
"calculate","female_6_17_calc","","","","","","","","",NA,"","",NA,"sum(${female_6_17})","",""
"calculate","male_18_59_calc","","","","","","","","",NA,"","",NA,"sum(${male_18_59})","",""
"calculate","female_18_59_calc","","","","","","","","",NA,"","",NA,"sum(${female_18_59})","",""
"calculate","male_60_calc","","","","","","","","",NA,"","",NA,"sum(${male_60})","",""
"calculate","female_60_calc","","","","","","","","",NA,"","",NA,"sum(${female_60})","",""
"note","calc_note","Total male children 2 or under: ${male_2_calc}
Total female children 2 or under: ${female_2_calc}
Total male children 3 to 5: ${male_3_5_calc}
Total female children 3 to 5: ${female_3_5_calc}
Total male children 6 to 17: ${male_6_17_calc}
Total female children 6 to 17: ${female_6_17_calc}
Total male adults 18 to 59: ${male_18_59_calc}
Total female adults 18 to 59: ${female_18_59_calc}
Total male adults 60 and over: ${male_60_calc}
Total female adults 60 and over: ${female_60_calc}","","","","","","","",NA,"","",NA,"","",""
"calculate","tot_child_012","","","","","","","","",NA,"","",NA,"sum(${child_012})","",""
"calculate","tot_child_1317","","","","","","","","",NA,"","",NA,"sum(${child_1317})","",""
"calculate","tot_child","","","","","","","","",NA,"","",NA,"sum(${child})","",""
"calculate","tot_male","","","","","","","","",NA,"","",NA,"sum(${male_2})+sum(${male_3_5})+sum(${male_6_17})+sum(${male_18_59})+sum(${male_60})","",""
"calculate","tot_female","","","","","","","","",NA,"","",NA,"sum(${female_2})+sum(${female_3_5})+sum(${female_6_17})+sum(${female_18_59})+sum(${female_60})","",""
"note","tot_calc_note","Total number of male: ${tot_male}
Total number of female: ${tot_female}","","","","","","","",NA,"","",NA,"","",""
"calculate","calc_separated","","","","","","","","",NA,"","",NA,"sum(${separated})","",""
"note","ref_child","There may be one or more separated or unaccompanied children living in this household. Please refer to the appropiate actor.","اذا كان هناك اطفال منفصلين عن عائلتهم الاصلية او غير مصحوبين باحد افراد عائلتهم ويعيشون ضمن الاسرة، الرجاء الرجوع الى الجهة الفاعلة والملائمة لذلك","${calc_separated} >0","","","","","",NA,"","",NA,"","",""
"end group","","","","","","","","","",NA,"","",NA,"","",""
"begin group","food_security","Food security survey","أمن الغذاء","${calc_noteligible} = 0","","","","","",NA,"","",NA,"","",""
"begin group","fcs","Over the last 7 days, how many days did your household consume the following food? ","على مدى ال7 أيام الماضية, كم يوما كنت تستهلك الأطعمة التالية:","","","","","","",NA,"field-list","",NA,"","",""
"integer","cereals","Cereals, grains, roots and tubers: rice, pasta, bread, potato, ","الحبوب والجذور والدرنات: الأرز والمعكرونة والخبز والبطاطا","",".>=0 and .<=7","yes","","","",NA,"","",NA,"","",""
"integer","nuts_seed","Legumes / nuts : beans, peanuts, lentils, nut, soy, and / or other nuts","البقوليات : الفاصوليا ، الفول السوداني ، العدس ، البندق ، الصويا ، و / أو المكسرات الأخرى","",".>=0 and .<=7","yes","","","",NA,"","",NA,"","",""
"integer","milk_dairy","Milk and other dairy products: fresh milk / sour, yogurt, cheese, other dairy products (Exclude margarine / butter or small amounts of milk for tea / coffee)","الحليب ومنتجات الألبان الأخرى: الحليب الطازج / الحامض واللبن الزبادي والجبن وغيرها من منتجات الألبان (باستثناء المارجرين / الزبد أو كميات صغيرة من الحليب للشاي / القهوة)","",".>=0 and .<=7","yes","","","",NA,"","",NA,"","",""
"integer","meat","Meat, fish and eggs: goat, beef, chicken, , fish, including canned tuna, and / or other seafood, eggs (meat and fish consumed in large quantities and not as a condiment)","اللحوم والأسماك والبيض: لحم الماعز ولحم البقر والدجاج والأسماك ، بما في ذلك التونة المعلبة ، و / أو غيرها من المأكولات البحرية والبيض (اللحوم والأسماك المستهلكة بكميات كبيرة وليس بهار)","",".>=0 and .<=7","yes","","","",NA,"","",NA,"","",""
"integer","vegetables","Vegetables and leaves: spinach, onion, tomatoes, carrots, peppers, green beans, lettuce, cabbages, egg plants, etc","الخضار و الخضروات الورقية: السبانخ ، البصل ، الطماطم ، الجزر ، الفلفل ، الفاصوليا الخضراء ، الخس ، الكرنب ، الباذنجان ، الخ","",".>=0 and .<=7","yes","","","",NA,"","",NA,"","",""
"integer","fruits","Fruits: banana, apple, lemon, mango, watermelon, apricot, peach, pineapple, passion, gishta, orange, avocado, wild fruits etc","الفواكه: الموز والتفاح والليمون والمانجو والبطيخ والمشمش والخوخ والأناناس والبرتقال والأفوكادو والفاكهة البرية الخ","",".>=0 and .<=7","yes","","","",NA,"","",NA,"","",""
"integer","oil_fats","Oil / fat / butter: vegetable oil, palm oil, margarine, other fats / oil","الزيوت / الدهون / الزبدة: الزيت النباتي وزيت النخيل والسمن والدهون الأخرى / الزيت","",".>=0 and .<=7","yes","","","",NA,"","",NA,"","",""
"integer","sweets","Sugar, or sweet: sugar, honey, jam, cakes, candy, cookies, pastries, cakes and other sweet (sugary drinks)","السكر ، أو الحلو: السكر ، والعسل ، والمربى ، والكعك ، والحلوى  وغيرها من الحلويات (المشروبات السكرية)","",".>=0 and .<=7","yes","","","",NA,"","",NA,"","",""
"integer","spices_condiments","Condiments / Spices: tea, coffee / cocoa, salt, garlic, spices, yeast / baking powder, lanwin, tomato / sauce, meat or fish as a condiment, condiments including small amount of milk / tea coffee.","التوابل / البهارات: الشاي ، القهوة / الكاكاو ، الملح ، الثوم ، البهارات ، الخميرة / مسحوق الخبز ، اللانوين ، الطماطم / الصلصة ، اللحم أو السمك كبهار ، التوابل بما في ذلك كمية صغيرة من القهوة / الشاي.","",".>=0 and .<=7","yes","","","",NA,"","",NA,"","",""
"end group","","","","","","","","","",NA,"","",NA,"","",""
"begin group","food_source","What was the main source of the following food in the past 7 days? (do not read out list)","ماذا كان المصدر الرئيسي للطعام خلال ال 7 ايام الماضية؟ ( لا تقرأ من القائمة ) ","","","","","","",NA,"","",NA,"","",""
"select_one food_source","cereals_source","Cereals, grains, roots and tubers: rice, pasta, bread, potato, ","الحبوب والجذور والدرنات: الأرز والمعكرونة والخبز والبطاطا","${cereals} > 0","","yes","","","",NA,"minimal","",NA,"","",""
"select_one food_source","nuts_seed_source","Legumes / nuts : beans, peanuts, lentils, nut, soy, and / or other nuts","البقوليات : الفاصوليا ، الفول السوداني ، العدس ، البندق ، الصويا ، و / أو المكسرات الأخرى","${nuts_seed} > 0","","yes","","","",NA,"minimal","",NA,"","",""
"select_one food_source","milk_dairy_source","Milk and other dairy products: fresh milk / sour, yogurt, cheese, other dairy products (Exclude margarine / butter or small amounts of milk for tea / coffee)","الحليب ومنتجات الألبان الأخرى: الحليب الطازج / الحامض واللبن الزبادي والجبن وغيرها من منتجات الألبان (باستثناء المارجرين / الزبد أو كميات صغيرة من الحليب للشاي / القهوة)","${milk_dairy} > 0","","yes","","","",NA,"minimal","",NA,"","",""
"select_one food_source","meat_source","Meat, fish and eggs: goat, beef, chicken, , fish, including canned tuna, and / or other seafood, eggs (meat and fish consumed in large quantities and not as a condiment)","اللحوم والأسماك والبيض: لحم الماعز ولحم البقر والدجاج والأسماك ، بما في ذلك التونة المعلبة ، و / أو غيرها من المأكولات البحرية والبيض (اللحوم والأسماك المستهلكة بكميات كبيرة وليس بهار)","${meat} > 0","","yes","","","",NA,"minimal","",NA,"","",""
"select_one food_source","vegetables_source","Vegetables and leaves: spinach, onion, tomatoes, carrots, peppers, green beans, lettuce, cabbages, egg plants, etc","الخضار و الخضروات الورقية: السبانخ ، البصل ، الطماطم ، الجزر ، الفلفل ، الفاصوليا الخضراء ، الخس ، الكرنب ، الباذنجان ، الخ","${vegetables} > 0","","yes","","","",NA,"minimal","",NA,"","",""
"select_one food_source","fruits_source","Fruits: banana, apple, lemon, mango, watermelon, apricot, peach, pineapple, passion, gishta, orange, avocado, wild fruits etc","الفواكه: الموز والتفاح والليمون والمانجو والبطيخ والمشمش والخوخ والأناناس والبرتقال والأفوكادو والفاكهة البرية الخ","${fruits} > 0","","yes","","","",NA,"minimal","",NA,"","",""
"select_one food_source","oil_fats_source","Oil / fat / butter: vegetable oil, palm oil, margarine, other fats / oil","الزيوت / الدهون / الزبدة: الزيت النباتي وزيت النخيل والسمن والدهون الأخرى / الزيت","${oil_fats} > 0","","yes","","","",NA,"minimal","",NA,"","",""
"select_one food_source","sweets_source","Sugar, or sweet: sugar, honey, jam, cakes, candy, cookies, pastries, cakes and other sweet (sugary drinks)","السكر ، أو الحلو: السكر ، والعسل ، والمربى ، والكعك ، والحلوى  وغيرها من الحلويات (المشروبات السكرية)","${sweets} > 0","","yes","","","",NA,"minimal","",NA,"","",""
"select_one food_source","spices_condiments_source","Condiments / Spices: tea, coffee / cocoa, salt, garlic, spices, yeast / baking powder, lanwin, tomato / sauce, meat or fish as a condiment, condiments including small amount of milk / tea coffee.","التوابل / البهارات: الشاي ، القهوة / الكاكاو ، الملح ، الثوم ، البهارات ، الخميرة / مسحوق الخبز ، اللانوين ، الطماطم / الصلصة ، اللحم أو السمك كبهار ، التوابل بما في ذلك كمية صغيرة من القهوة / الشاي.","${spices_condiments} > 0","","yes","","","",NA,"minimal","",NA,"","",""
"end group","","","","","","","","","",NA,"","",NA,"","",""
"text","cereals_source_other","If other, please describe","اذا كان الجواب اخر ,الرجاء الوصف ","selected(${cereals_source}, 'other')","","yes","","","",NA,"","",NA,"","",""
"text","nuts_seed_source_other","If other, please describe","اذا كان الجواب اخر ,الرجاء الوصف ","selected(${nuts_seed_source}, 'other')","","yes","","","",NA,"","",NA,"","",""
"text","milk_dairy_source_other","If other, please describe","اذا كان الجواب اخر ,الرجاء الوصف ","selected(${milk_dairy_source}, 'other')","","yes","","","",NA,"","",NA,"","",""
"text","meat_source_other","If other, please describe","اذا كان الجواب اخر ,الرجاء الوصف ","selected(${meat_source}, 'other')","","yes","","","",NA,"","",NA,"","",""
"text","vegetables_source_other","If other, please describe","اذا كان الجواب اخر ,الرجاء الوصف ","selected(${vegetables_source}, 'other')","","yes","","","",NA,"","",NA,"","",""
"text","fruits_source_other","If other, please describe","اذا كان الجواب اخر ,الرجاء الوصف ","selected(${fruits_source}, 'other')","","yes","","","",NA,"","",NA,"","",""
"text","oil_fats_source_other","If other, please describe","اذا كان الجواب اخر ,الرجاء الوصف ","selected(${oil_fats_source}, 'other')","","yes","","","",NA,"","",NA,"","",""
"text","sweets_source_other","If other, please describe","اذا كان الجواب اخر ,الرجاء الوصف ","selected(${sweets_source}, 'other')","","yes","","","",NA,"","",NA,"","",""
"text","spices_condiments_source_other","If other, please describe","اذا كان الجواب اخر ,الرجاء الوصف ","selected(${spices_condiments_source}, 'other')","","yes","","","",NA,"","",NA,"","",""
"select_one YNDD","access_to_PDS","Did your household have access to PDS (public distribution assisstance System) in the past 3 months?","هل تمكنت أسرتك من الوصول إلى نظام المساعدات العامة للتوزيع (PDSالبطاقة التموينية) خلال الـ 3 أشهر الماضية؟","","","yes","","","",NA,"","",NA,"","",""
"select_one freq","PDS_assistance_freq","How regularly do you receive PDS assistance?","مامدى انتظام تلقيك لمساعدات البطاقة التموينية PDS؟","selected(${access_to_PDS}, 'yes')","","yes","","","",NA,"","",NA,"","",""
"select_multiple pds_items","recent_PDS_items","What items were included in your most recent PDS distribution? ","ما هي المواد التي حصلت عليها في آخر توزيع للبطاقة التموينية PDS الخاصة بك؟","selected(${access_to_PDS}, 'yes')","","yes","","","",NA,"","",NA,"","",""
"text","recent_PDS_items_other","If other, please describe","اذا كان الجواب اخر ,الرجاء الوصف ","selected(${recent_PDS_items}, 'other')","","yes","","","",NA,"","",NA,"","",""
"begin group","coping_strategies_index","During the last 7 days, how many times (in days) did your household have to employ one of the following strategies to cope with a lack of food or money to buy it?","خلال الأيام السبعة الماضية ، كم عدد المرات (بالأيام) التي كان يتعين على أسرتك استخدام إحدى الاستراتيجيات التالية للتعامل مع نقص الغذاء أو المال لشرائها؟","","","","","","",NA,"field-list","",NA,"","",""
"integer","cheaper_quality","Shifting toward cheaper and less quality food items.","العمل على شراء مواد غذائية  رخيصة او اقل نوعية","",".>=0 and .<=7","yes","","","",NA,"","",NA,"","",""
"integer","borrowing","Borrowing food or asking assistance from relatives and friends","اقتراض الطعام أو طلب المساعدة من الأقارب والأصدقاء","",".>=0 and .<=7","yes","","","",NA,"","",NA,"","",""
"integer","reduce_meals","Reducing the number of daily meals","تقليل عدد الوجبات اليومية","",".>=0 and .<=7","yes","","","",NA,"","",NA,"","",""
"integer","less_food","Consume less food during meals","استهلاك كمية أقل من الطعام أثناء الوجبات","",".>=0 and .<=7","yes","","","",NA,"","",NA,"","",""
"integer","less_adult","Curbing the adult's need to ensure food need of children","الحد من حاجة الكبار لضمان الحاجة الغذائية للأطفال...","",".>=0 and .<=7","yes","","","",NA,"","",NA,"","",""
"end group","","","","","","","","","",NA,"","",NA,"","",""
"begin group","coping_strategies_food2","Coping Strategies Food","","","","","","","",NA,"field-list","",NA,"","",""
"note","livelihood_strategies","During the past 30 days, did anyone in your household have to do one of the following things because there was not enough food or money to buy it?","خلال الثلاثين يومًا الماضية ، هل اضطر أي شخص في منزلك إلى القيام بأحد الأمور التالية لعدم وجود ما يكفي من الطعام أو المال لشرائه؟","","","","","","",NA,"","",NA,"","",""
"select_one NNNY","selling_assets","Selling household properties (refrigerator, television, jewelry…)","بيع مقتنيات الاسرة (ثلاجة او تلفاز او مجوهرات)","","","yes","","","",NA,"minimal","",NA,"","",""
"select_one NNNY","spent_savings","Spending savings","انفاق المدخرات","","","yes","","","",NA,"minimal","",NA,"","",""
"select_one NNNY","borrow_debt","Buying food on credit or through borrowed money from relatives and friends","شراء الطعام بالدّين أو من خلال الأموال المقترضة من الأقارب والأصدقاء","","","yes","","","",NA,"minimal","",NA,"","",""
"select_one NNNY","selling_transportation_means","Selling means of transport (car, motorbike","بيع وسائل النقل (سيارة ، دراجة نارية","","","yes","","","",NA,"minimal","",NA,"","",""
"select_one NNNY","child_droput_school","Children dropout from school","اخراج الأطفال من المدرسة","","","yes","","","",NA,"minimal","",NA,"","",""
"select_one NNNY","reduce_spending","Reducing expenditure on non-food items (health, education)","خفض الإنفاق على المواد غير الغذائية (الصحة والتعليم)","","","yes","","","",NA,"minimal","",NA,"","",""
"select_one NNNY","change_place","Changing place of residence and accommodation to reduce expenses","تغيير مكان الإقامة لتقليل النفقات","","","yes","","","",NA,"minimal","",NA,"","",""
"select_one NNNY","male_illigal_acts","Accepting that adult males of the family are engaged in illegal acts and risks","القبول بمشاركة الذكور البالغين من الأسرة في أعمال ومخاطر غير قانونية","","","","","","",NA,"minimal","",NA,"","",""
"select_one NNNY","female_illigal_acts","Accepting that adult females of the family are engaged in illegal acts and risks","القبول بمشاركة الاناث البالغات من الأسرة في أعمال ومخاطر غير قانونية","","","","","","",NA,"minimal","",NA,"","",""
"select_one NNNY","child_work","Children under 18 work to provide resources","عمل الأطفال تحت سن 18 عامًا لتوفير الموارد","","","yes","","","",NA,"minimal","",NA,"","",""
"select_one NNNY","family_migrating","Whole family are migrating","ستهاجر العائلة كلها","","","yes","","","",NA,"minimal","",NA,"","",""
"select_one NNNY","social_events","Attending banquets held on religious and social events to have food","حضور الولائم التي تقام في المناسبات الدينية والاجتماعية للحصول على الطعام","","","yes","","","",NA,"minimal","",NA,"","",""
"select_one NNNY","child_marriage","Child marriage","الزواج المبكر للاطفال","","","yes","","","",NA,"minimal","",NA,"","",""
"select_one NNNY","forced_marriage","Forced marriage (for adults)","الزواج القسري (للبالغين)","","","yes","","","",NA,"minimal","",NA,"","",""
"end group","","","","","","","","","",NA,"","",NA,"","",""
"end group","","Health survey","","","","","","","",NA,"","",NA,"","",""
"begin group","health_group","Health","الصحة","${calc_noteligible} = 0","","","","","",NA,"","",NA,"","",""
"select_one distance","distance_health_service","How far is the closest functioning, accessible health clinic to your location?","كم يبعد  أقرب عيادة صحية تعمل ويمكن الوصول إليها في موقعك؟","","","yes","","","",NA,"","",NA,"","30 minutes walking = 2 km (approximately)","دقيقة مشي أي مايعادل 2كم بشكل تقريبي30  "
"select_one distance_h","distance_hospital","How far is the closest functioning hospital to your location? ","كم يبعد أقرب مستشفى يعمل إلى موقعك؟","","","yes","","","",NA,"","",NA,"","30 minutes walking = 2 km (approximately)","دقيقة مشي أي مايعادل 2كم بشكل تقريبي30  "
"select_one YND","hospital_emergency_ser","Does it provide emergency services? ","هل يقدم المشفى خدمات للطوارئ؟","not(selected(${distance_hospital},'none') or selected(${distance_hospital},'do_not_know'))","","yes","","","",NA,"","",NA,"","",""
"select_one YND","hospital_surgical_ser","Does it provide surgical services? ","هل يقدم المشفى خدمات عمليات؟","not(selected(${distance_hospital},'none') or selected(${distance_hospital},'do_not_know'))","","yes","","","",NA,"","",NA,"","",""
"select_one YND","hospital_pediatric_ser","Does it provide pediatric services?","هل يقدم المشفى خدمات طب الاطفال؟","not(selected(${distance_hospital},'none') or selected(${distance_hospital},'do_not_know'))","","yes","","","",NA,"","",NA,"","",""
"select_one management","primary_health_provider","Who is the primary health care provider for your household?","من الذي يقدم الرعاية الصحية لأسرتك بشكل رئيسي؟","","","yes","","","لا يجوز تحديد لا احد مع الخيارات الاخرى",NA,"","",NA,"","",""
"text","primary_health_provider_other","If other, please specify","اذا اخرى الرجاء الوصف","selected(${primary_health_provider},'other')","","yes","","","",NA,"","",NA,"","",""
"select_one YNDD","women_specialised_services","Do women of reproductive age (12-49) have access to specialized reproductive health services? ","هل تحصل النساء في سن الإنجاب (12-49) سنة على خدمات الصحة الانجابية المتخصصة لهم؟","","","yes","","","",NA,"","",NA,"","",""
"text","primary_health_provider_pregnant_other","if other, please specify","اذا اخرى الرجاء الوصف","selected(${women_specialised_services},'other')","","yes","","","",NA,"","",NA,"","",""
"select_one YNDD","child_distress","Have you seen signs of distress such as changes in behaviours in family members below the age of 18 since the conflict began?","هل شاهدت علامات الشدة مثل التغيرات في سلوكيات أفراد الأسرة الذين تقل أعمارهم عن 18 عامًا منذ بدء النزاع؟","${tot_child} >0","","yes","","","",NA,"","",NA,"","",""
"select_multiple behavior_change","behavior_012","If yes, what are the behaviour changes observed in children aged 0-12?","إذا كانت الإجابة بنعم ، ما هي التغييرات السلوكية التي لوحظت في الأطفال الذين تتراوح أعمارهم بين 0-12؟","selected(${child_distress},'yes') and  (${tot_child_012} >0)","","yes","","","",NA,"","",NA,"","",""
"select_multiple behavior_change","behavior_1317","If yes, what are the behaviour changes observed in children aged 13-17?","إذا كانت الإجابة بنعم ، ما هي التغييرات السلوكية التي لوحظت في الأطفال الذين تتراوح أعمارهم بين 13-17؟","selected(${child_distress},'yes') and  (${tot_child_1317} >0)","","yes","","","",NA,"","",NA,"","",""
"end group","","","","","","","","","",NA,"","",NA,"","",""
"begin group","wash","WASH survey","الماء والاصحاح البيئي","${calc_noteligible} = 0","","","","","",NA,"","",NA,"","",""
"select_one water_source","drinking_water_source","What has been your household's primary source of drinking water over the past 7 days?","ما ذا كان المصدر الرئيسي لأسرتك لمياه الشرب خلال ال7 ايام الماضية؟","","","yes","","","",NA,"","",NA,"","",""
"text","drinking_water_source_other","If other, please specify","اذا اخرى الرجاء الوصف","selected(${drinking_water_source},'other')","","yes","","","",NA,"","",NA,"","",""
"select_one Yes_No","access_private_shared_watertank","Does your household own either a private or shared water tank?","هل تمتلك أسرتك خزان مياه خاص أو مشترك؟","","","yes","","","",NA,"","",NA,"","",""
"integer","tank_capacity","What is your water tank capacity (in liters)?","ما هي سعة خزان المياه (باللتر)؟","selected(${access_private_shared_watertank},'yes')","","yes","","","",NA,"","",NA,"","Provide and estimate, if the respondend doesn't know input ""999""","اكتب العدد بشكل تقريبي، اما اذا كان المجيب لا يدري، فيجب كتابة 999"
"integer","refill_times","How many times do you re-fill your tanks each week?","كم مرة تقوم بإعادة ملء خزانات المياه خلال الاسبوع الواحد؟","selected(${access_private_shared_watertank},'yes')","","yes","","","",NA,"","",NA,"","Provide and estimate, if the respondend doesn't know input ""999""","اكتب العدد بشكل تقريبي، اما اذا كان المجيب لا يدري، فيجب كتابة 999"
"integer","people_share_tank","How many people share this water tank?","عدد الأشخاص الذين يشتركون في أستخدام خزان المياه هذا ( بما فيهم افراد أسرتك)","selected(${access_private_shared_watertank},'yes')","","yes","","","",NA,"","",NA,"","Provide and estimate, if the respondend doesn't know input ""999""","اكتب العدد بشكل تقريبي، اما اذا كان المجيب لا يدري، فيجب كتابة 999"
"select_multiple safer_drinking","treat_drink_water_how","How do you treat your water for drinking?","كيف تعالج (تقوم بتصفية) مياه الشرب الخاصة بك؟","not(selected(${drinking_water_source},'shop'))","","yes","","","",NA,"","",NA,"","",""
"text","treat_drink_water_how_other","If other, please describe","اذا اخرى الرجاء الوصف","selected(${treat_drink_water_how}, 'other')","","yes","","","",NA,"","",NA,"","",""
"select_one waste_disposal","dispose_waste","What is the main method of waste disposal for your household?","ماهي الطريقة الرئيسية التي تتبعها أسرتك للتخلص من النفايات؟","","","yes","","","",NA,"","",NA,"","",""
"text","dispose_waste_other","If other , please specify","اذا اخرى الرجاء الوصف","selected(${dispose_waste}, 'other')","","yes","","","",NA,"","",NA,"","",""
"select_one waste_disposal_freq","waste_freq","How frequently is solid waste disposed from your residence?","كل كم مرة يتم التخلص من النفايات الصلبة في موقعك ؟","","","yes","","","",NA,"","",NA,"","",""
"select_multiple latrines","latrines","What types of functional toilets do you have access to?","مانوع المراحيض الفعالة المتاحة لكم؟","","","yes","","","",NA,"","",NA,"","",""
"select_one Yes_No","access_hygiene_items","Do you have access to sufficient hygiene items such as soap, diapers, etc.?","هل أن مواد النظافة الكافية متاحة لك (مثل الصابون ، ومناشف الأطفال ، وما إلى ذلك)؟","","","yes","","","",NA,"","",NA,"","",""
"select_one Yes_No","hygiene_practices","Are you aware of key hygiene practices? ","هل أنت على دراية بممارسات النظافة الأساسية ؟","","","yes","","","",NA,"","",NA,"","Such as proper handwashing with soap, clean latrines, safe food / water storage","مثل غسل اليدين بشكل صحيح بالصابون ، والمراحيض النظيفة ، وتخزين الطعام بشكل آمن"
"end group","","","","","","","","","",NA,"","",NA,"","",""
"begin group","S_NFI","Shelter & NFI survey","السكن والمواد الغير غذائية","${calc_noteligible} = 0","","","","","",NA,"","",NA,"","",""
"select_one settlement_type","settlement_type","What is the type of settlement where you are currently living?","مانوع المكان الذي تعيش فيه حاليا؟","","","yes","","","",NA,"","",NA,"","",""
"select_one shelter_type","shelter_type","What type of shelter are you currently living in?","مانوع المسكن الذي تعيش فيه حاليا؟","","","yes","","","",NA,"","",NA,"","",""
"text","shelter_type_other","If other, please describe","اذا كان الجواب اخر ,الرجاء الوصف ","selected(${shelter_type}, 'other')","","yes","","","",NA,"","",NA,"","",""
"select_one YNDD","hh_hosted","Is your HH currently being hosted? ","هل اسرتك مستضافة عند عائلة او اسرة؟","${calc_idp} = 1 or ${calc_returnee} = 1 or selected(${shelter_type}, 'House') or selected(${shelter_type}, 'Apartment')
","","yes","","","",NA,"","",NA,"","",""
"select_one YNDD","hh_risk_eviction","Is your HH presently at risk of eviction?","هل اسرتك مهددة بالاخلاء في الوقت الحاضر؟","","","yes","","","",NA,"","",NA,"","",""
"note","ref_evic","This is household is presently at risk of eviction, please refer to the appropiate actor.","","selected(${hh_risk_eviction}, 'yes')","","","","","",NA,"","",NA,"","",""
"select_multiple eviction","hh_main_risks","What are the main reasons of eviction?","ماهي الاسباب الرئيسية للإخلاء بالنسبة للاسرة؟","selected(${hh_risk_eviction}, 'yes')","","yes","","","",NA,"","",NA,"","",""
"text","hh_main_risks_other","If other, please describe","اذا كان الجواب اخر ,الرجاء الوصف ","selected(${hh_main_risks}, 'other')","","yes","","","",NA,"","",NA,"","",""
"integer","rent_behind","If you are not up to date with rent payment, how many months of delay do you have?","اذا لم تكن تدفع الايجار في وقته، كم عدد الشهور المتأخر عنها في دفع الايجار؟(كم شهر لم تدفع الايجار)","selected(${hh_main_risks}, 'lack_funds')",".>0 and .<=24","yes","","","",NA,"","",NA,"","",""
"select_one rent_labour","labour_for_rent","Do you receive reduced rent or free accommodation in exchange for labour? ","هل تحصل على إيجار منخفض أو سكن مجاني مقابل العمل؟","selected(${shelter_type}, 'House') or selected(${shelter_type}, 'Apartment')","","yes","","","",NA,"","",NA,"","",""
"select_multiple shelter_issues","shelter_issues","What immediate issues are you facing with your current shelter (top 3)?","ما هي القضايا الفورية التي تواجهها مع مسكنك الحالي ؟ حدد اهم ثلاثة","","count-selected(.)<=3","yes","","You cannot select more than 3 options.","",NA,"","",NA,"","",""
"text","shelter_issues_other","If other, please describe","اذا كان الجواب اخر ,الرجاء الوصف ","selected(${shelter_issues}, 'other')","","","","","",NA,"","",NA,"","",""
"note","ref_mine","This household's shelter is reported to be contaminated from explosive hazards, please refer to appropiate actor.","اذا كان مسكن الاسرة يعاني من وجود مواد خطرة متفجرة، الرجاء الالرجوع الى الجهة الملائمة لذلك","selected(${shelter_issues},'uxo')","","","","","",NA,"","",NA,"","",""
"select_one agreement","shelter_agreement_type","What type of tenancy agreement do you have in your current shelter?","مانوع العقد المبرم الذي لديك بالنسبة لمسكنك؟ ( عقد كتابي او شفهي او ملك خاص)","","","yes","","","",NA,"","",NA,"","",""
"select_multiple nfi_needs","nfi_priority_needs","Which of the following NFIs are priority needs for your household? (select max. 4)","أي من المواد غير الغذائية التالية تعتبر احتياجات رئيسية لأسرتك؟ (احدد 4 كحد اقصى )","","not(selected(.,'none') and count-selected(.)>1) and count-selected(.)<=4","yes","","You can select max 4 option and cannot select ""None"" and any other option.","لا ينبغي تحديد ( لاشيئ ) مع خيار آخر",NA,"","",NA,"","",""
"text","nfi_priority_needs_other","If other, please describe","اذا كان الجواب اخر ,الرجاء الوصف ","selected(${nfi_priority_needs}, 'other')","","yes","","","",NA,"","",NA,"","",""
"select_multiple shelter_better","shelter_better","What is your priority concern to make your current shelter a better place to live (top 3)?","ما هي اهتماماتك ذات الأولوية القصوى لجعل مسكنك الحالي مكانًا أفضل للعيش فيه ؟ اختر اهم 3","","count-selected(.)<=3","","","You cannot select more than 3 options.","",NA,"","",NA,"","",""
"text","shelter_better_other","If other, please describe","اذا كان الجواب اخر ,الرجاء الوصف ","selected(${shelter_better}, 'other')","","yes","","","",NA,"","",NA,"","",""
"end group","","","","","","","","","",NA,"","",NA,"","",""
"begin group","education","Education survey","التعليم","${calc_noteligible} = 0","","","","","",NA,"","",NA,"","",""
"select_one place","primary_school_place","How far is the closest functioning primary school to your location?","كم تبعد اقرب مدرسة ابتدائية تعمل في موقعك؟","","","yes","","","",NA,"","",NA,"","30 minutes walking = 2 km (approximately)","دقيقة مشي أي مايعادل 2كم بشكل تقريبي30  "
"select_one place1","secondary_school_place","How far is the closest functioning secondary school to your location?","كم تبعد اقرب مدرسة متوسطة تعمل في موقعك؟","","","yes","","","",NA,"","",NA,"","30 minutes walking = 2 km (approximately)","دقيقة مشي أي مايعادل 2كم بشكل تقريبي30  "
"select_multiple condition","primary_school_condition","What is the condition of the primary school building? ","كيف هي حالة مبنى المدرسة الابتدائية؟","not(selected(${primary_school_place}, 'none') or selected(${primary_school_place}, 'do_not_know'))","","yes","","","",NA,"","",NA,"","",""
"select_multiple condition","secondary_school_condition","What is the condition of the secondary school building? ","كيف هي حالة مبنى المدرسة المتوسطة؟","not(selected(${secondary_school_place}, 'none') or selected(${secondary_school_place}, 'do_not_know'))","","yes","","","",NA,"","",NA,"","",""
"note","ref_school","The primary or secondary school this household might have access to contains explosive hazards, please refer to the appropiate actor.","اذا كانت المدرسة الابتدائية او المتوسطة التي ترتادها الاسرة تحتوي على مواد متفجرة خطرة، فيجب الرجوع الى جهة ملائمة لذلك","selected(${primary_school_condition},'Contains_explosive_hazards') or selected(${secondary_school_condition},'Contains_explosive_hazards')","","","","","",NA,"","",NA,"","",""
"select_one YND","staff_primary_school","Are there sufficient trained and certified teachers at the primary school?","هل يوجد مدرسون مختصون ومدربون وكافون في المدرسة الابتدائية؟","not(selected(${primary_school_place}, 'none') or selected(${primary_school_place}, 'do_not_know')) and selected(${primary_school_condition},'Partially_damaged_but_functional') or selected(${primary_school_condition}, 'Fully_functional')","","yes","","","",NA,"","",NA,"","",""
"select_one YND","staff_secondary_school","Are there sufficient trained and certified teachers at the secondary school?","هل يوجد مدرسون مختصون ومدربون وكافون في المدرسة المتوسطة؟","not(selected(${secondary_school_place}, 'none') or selected(${secondary_school_place}, 'do_not_know')) and  selected(${secondary_school_condition},'Partially_damaged_but_functional') or selected(${secondary_school_condition}, 'Fully_functional')","","yes","","","",NA,"","",NA,"","",""
"end group","","","","","","","","","",NA,"","",NA,"","",""
"begin group","livelihoods","Livelihoods survey","الحياة المعيشية","${calc_noteligible} = 0","","","","","",NA,"","",NA,"","",""
"select_multiple livelihood_type","primary_livelihood","What were your household's primary income sources over the last 30 days?  (do not read out from list)","ماذا كانت مصادر الدخل الأساسية للاسرة الخاصة بك على مدى 30 يوما الماضية؟ (3 كحد اقصى) ( لا تقرأ من القائمة )","","","yes","","Cannot select ""None"" together with any other option","لا ينبغي تحديد ( لاشيئ ) مع خيار آخر",NA,"","",NA,"","",""
"text","primary_livelihood_other","if other, specify please","إذا أخرى, الرجاء الشرح","selected(${primary_livelihood},'other')","","yes","","","",NA,"","",NA,"","",""
"begin group","income","What was your household's total income in Iraqi Dinars over the last 30 days from the following sources:","ما هو إجمالي دخل أسرتك بالدينار العراقي خلال الثلاثين يومًا الماضية من المصادر التالية:","","","","","","",NA,"field-list","",NA,"","Please enter the FULL IQD amount (i.e. 1,000 IQD)","الرجاء ادخال الرقم بشكل كامل بالدينار العراقي ( مثال: 1000 دينار)"
"integer","inc_employment","Employment","التوظيف","selected(${primary_livelihood},'Employment')",".=0 or .>=9999  and .<= 10000000","yes","","","",NA,"","",NA,"","",""
"integer","inc_remittances","Remittances","التحويلات/الحوالات","selected(${primary_livelihood},'Remittences')",".=0 or .>=9999  and .<= 10000000","yes","","","",NA,"","",NA,"","",""
"integer","inc_humaid","Humanitarian aid","المساعدات الإنسانية","selected(${primary_livelihood},'NGO_charity_assistance')",".=0 or .>=9999  and .<= 10000000","yes","","","",NA,"","",NA,"","",""
"integer","inc_debt","Borrowing money","اقتراض المال","selected(${primary_livelihood},'Loan_debts')",".=0 or .>=9999  and .<= 10000000","yes","","","",NA,"","",NA,"","",""
"integer","inc_pension","Pension","راتب تقاعد","selected(${primary_livelihood},'Retirement_pension')",".=0 or .>=9999  and .<= 10000000","yes","","","",NA,"","",NA,"","",""
"integer","inc_selling_assets","Selling household assets","بيع أثاث المنزل","selected(${primary_livelihood},'Selling_assets')",".=0 or .>=9999  and .<= 10000000","yes","","","",NA,"","",NA,"","",""
"integer","inc_momd","MOMD cash assistance","مساعدة نقدية من وزارة الهجرة والمهجرين","selected(${primary_livelihood},'MODM_cash_assistance')",".=0 or .>=9999  and .<= 10000000","yes","","","",NA,"","",NA,"","",""
"integer","inc_molsa","Social Protection Network (MOLSA)","شبكة الحماية الاجتماعية (MOLSA)","selected(${primary_livelihood},'Social_service')",".=0 or .>=9999  and .<= 10000000","yes","","","",NA,"","",NA,"","",""
"integer","inc_other_safety","Other safety nets","برامج الشبكات الآمنة الأخرى","selected(${primary_livelihood},'Social_service')",".=0 or .>=9999  and .<= 10000000","yes","","","",NA,"","",NA,"","",""
"integer","inc_other","Other income source","مصدر دخل آخر","selected(${primary_livelihood},'other')",".=0 or .>=9999  and .<= 10000000","yes","","","",NA,"","",NA,"","",""
"calculate","tot_income","","","","","","","","",NA,"","",NA,"coalesce(${inc_employment},0)+coalesce(${inc_remittances},0)+coalesce(${inc_humaid},0)+coalesce(${inc_debt},0)+coalesce(${inc_pension},0)+coalesce(${inc_selling_assets},0)+coalesce(${inc_momd},0)+coalesce(${inc_molsa},0)+coalesce(${inc_other_safety},0)+coalesce(${inc_other},0)","",""
"end group","","","","","","","","","",NA,"","",NA,"","",""
"note","income_note","Total income in IQDs over the last 30 days: ${tot_income}","مجموع الدخل بالدينار العراقي خلال ال30 يوما الماضية هو  ${tot_income}","","","","","","",NA,"","",NA,"","",""
"select_multiple employment","employment_source","What were the main sources of occupation / employment? ","ماذا كانت المصادر الرئيسية للعمل او الوظيفة؟","selected(${primary_livelihood},'Employment')","","yes","","","",NA,"","",NA,"","",""
"text","employment_source_other","if other, specify please","إذا أخرى, الرجاء الشرح","selected(${employment_source},'other')","","yes","","","",NA,"","",NA,"","",""
"select_one YNDD","employment_seasonal","Is this employment seasonal/temporary? ","هل هذه الوظيفة مؤقتة او موسمية؟","selected(${primary_livelihood},'Employment')","","yes","","","",NA,"","",NA,"","",""
"select_multiple livelihood_type","livelihood_pre_displace","What were your household's primary livelihood sources prior to your displacement? (up to 3)","ماذا كانت مصادر الدخل الأساسية للاسرة الخاصة بك قبل النزوح؟ (3 كحد اقصى) ( لا تقرأ من القائمة )","${calc_idp} = 1 or ${calc_returnee} = 1
","count-selected(.)<=3","yes","","","",NA,"","",NA,"","",""
"text","livelihood_pre_displace_other","if other, specify please","إذا أخرى, الرجاء الشرح","selected(${livelihood_pre_displace},'other')","","yes","","","",NA,"","",NA,"","",""
"select_multiple employment","employment_source_pre_displace","What were the main sources of occupation / employment? ","ماذا كانت المصار الرئيسية للوظيفة او العمل قبل النزوح","selected(${livelihood_pre_displace},'Employment')","","yes","","","",NA,"","",NA,"","",""
"text","employment_source_pre_displace_other","if other, specify please","إذا أخرى, الرجاء الشرح","selected(${employment_source_pre_displace},'other')","","yes","","","",NA,"","",NA,"","",""
"begin group","expenses","In total, how much Iraqi Dinars did your household spend on basic needs over the last 30 days in IQD?","خلال الايام ال30 الماضية,كم هو المال التقريبي الذي انفقت لتغطية الاحتياجات الرئيسية للاسرة بالدينار العراقي ?","","","","","","",NA,"field-list","",NA,"","Please enter the FULL IQD amount (i.e. 1,000 IQD)","الرجاء ادخال الرقم بشكل كامل بالدينار العراقي ( مثال: 1000 دينار)"
"integer","rent_exp_basic_needs","Rent"," الايجار","",".=0 or .>=999 and .<= 10000000","yes","","","",NA,"","",NA,"","",""
"integer","shelter_exp_basic_needs","Shelter maintenance"," تصليح المأوى الخاص بك","",".=0 or .>=999 and .<= 10000000","yes","","","",NA,"","",NA,"","",""
"integer","food_exp_basic_needs","Food"," الغذاء","",".=0 or .>=999 and .<= 10000000","yes","","","",NA,"","",NA,"","",""
"integer","electric_exp_basic_needs","Electricity","الكهرباء ","",".=0 or .>=999 and .<= 10000000","yes","","","",NA,"","",NA,"","",""
"integer","medical_exp_basic_needs","Medical Care (including medicines)","الرعاية الصحية (بما فيها الادوية)","",".=0 or .>=999 and .<= 10000000","yes","","","",NA,"","",NA,"","",""
"integer","education_exp_basic_needs","Education","التعليم ","",".=0 or .>=999 and .<= 10000000","yes","","","",NA,"","",NA,"","",""
"integer","water_exp_basic_needs","Water","الماء  ","",".=0 or .>=999 and .<= 10000000","yes","","","",NA,"","",NA,"","",""
"integer","NFI_exp_basic_needs","Non-Food (household) items","المواد غير الغذائية ( للاسرة)","",".=0 or .>=999 and .<= 10000000","yes","","","",NA,"","",NA,"","",""
"integer","transportation_exp_basic_needs","Transportaion","المواصلات","",".=0 or .>=999 and .<= 10000000","yes","","","",NA,"","",NA,"","",""
"integer","communication_exp_basic_needs","Communication","الاتصالات","",".=0 or .>=999 and .<= 10000000","yes","","","",NA,"","",NA,"","",""
"integer","debt_exp_basic_needs","Debt payment","سداد الدين","",".=0 or .>=999 and .<= 10000000","yes","","","",NA,"","",NA,"","",""
"integer","productive_assets","Productive assets","مقتنيات انتاجية ( كالسيارة او مكينة الخياطة او دراجة نارية)","",".=0 or .>=999 and .<= 10000000","yes","","","",NA,"","",NA,"","",""
"integer","other_payment_exp_basic_needs","Other payment","نفقات اخرى","",".=0 or .>=999 and .<= 10000000","yes","","","",NA,"","",NA,"","",""
"calculate","tot_expenditure","","","","","","","","",NA,"","",NA,"${rent_exp_basic_needs}+${shelter_exp_basic_needs}+${food_exp_basic_needs}+${medical_exp_basic_needs}+${education_exp_basic_needs}+${electric_exp_basic_needs}+${water_exp_basic_needs}+${debt_exp_basic_needs}+${NFI_exp_basic_needs}+${communication_exp_basic_needs}+${transportation_exp_basic_needs}+${other_payment_exp_basic_needs}","",""
"end group","","","","","","","","","",NA,"","",NA,"","",""
"text","payment_exp_basic_needs_other","Please describe on what was the other payment?","حدد، على ماذا كانت تلك المصاريف الاخرى","${other_payment_exp_basic_needs}>0","","yes","","","",NA,"","",NA,"","",""
"note","expenditure_note","Total expenditure in IQDs over the last 30 days on all basic needs: ${tot_expenditure}","مجموع المصاريف بالدينار العراقي خلال ال30 يوم الماضي الذي تم انفاقه على جميع الاحتياجات  الاساسية    ${tot_expenditure}","","","","","","",NA,"","",NA,"","",""
"integer","how_much_debt","What is your household's total amount of debt, in IQD? ","بالدينار العراقي,كم من الدين المستحق على اسرتك  ؟","",".=0 or .>=999","yes","","","",NA,"","",NA,"","",""
"select_one reasons_for_debt","reasons_for_debt","What was the primary reason behind taking on debt? ","ما ذا كان السبب الرئيسي وراء اقتراض المال؟","${how_much_debt}>0","","yes","","","",NA,"","",NA,"","",""
"text","other_reasons_for_debt","If other, specify please","إذا أخرى, الرجاء الشرح","selected(${reasons_for_debt},'other')","","yes","","","",NA,"","",NA,"","",""
"select_multiple borrow_money","borrowing_from","Who did you borrow money from? (select all that apply)","مِمن استقرضتَ المال؟","${how_much_debt}>0","","yes","","","",NA,"","",NA,"","",""
"text","borrowing_from_other","if other, please describe","اذا اخرى الرجاء الوصف","selected(${borrowing_from},'other')","","yes","","","",NA,"","",NA,"","",""
"select_one place3","market_place","How far is the closest functioning market that you have been able to access in the past month? ","كم يبعد أقرب سوق عامل استطعت الوصول إليه في الشهر الماضي؟","","","yes","","","",NA,"","",NA,"","30 minutes walking = 2 km (approximately)","دقيقة مشي أي مايعادل 2كم بشكل تقريبي30  "
"select_multiple market_items","market_items","If yes, what is available on the market?","إذا تمت الاجابة، ما هي المواد المتوفرة في هذا السوق؟","not(selected(${market_place},'none') or selected(${market_place},'do_not_know'))","","yes","","","",NA,"","",NA,"","",""
"text","market_items_other","if other, please describe","اذا اخرى الرجاء الوصف","selected(${market_items},'other')","","","","","",NA,"","",NA,"","",""
"select_multiple livelihoods_needs","livelihoods_needs","What are the main livelihood needs for your household?  (select all that apply)","ماهي اهم احتياجات الحياة المعيشية للاسرة؟ (اختر ماينطبق)","","","yes","","","",NA,"","",NA,"","",""
"text","livelihoods_needs_other","if other, please describe","اذا اخرى الرجاء الوصف","selected(${livelihoods_needs},'other')","","yes","","","",NA,"","",NA,"","",""
"end group","","","الحياة المعيشية","","","","","","",NA,"","",NA,"","",""
"select_multiple Needs","priority_needs","What are your top 3 priority needs? (Do not read out the list)","ما هي الاحتياجات الثلاث الرئيسية لدى الاسرة ؟( لا تقرأ من القائمة )","${calc_noteligible} = 0","count-selected(.)<=3","yes","","You cannot select more than 3 options.","الرجاء تحديد 3 احتياجات فقط",NA,"","",NA,"","",""
"text","other_priority_needs","If other, please describe","اذا كان الجواب اخر ,الرجاء الوصف ","selected(${priority_needs},'other')","","yes","","","",NA,"","",NA,"","",""
"begin group","accountability","Accountability to affected populations","المساءلة على السكان المتضررين","${calc_noteligible} = 0","","","","","",NA,"","",NA,"","",""
"select_multiple info_aid","info_aid","What type of information would you like to receive from aid providers (top 3)? Please specify your top 3 priorities.","مانوع المعلومات التي ترغب في الحصول عليها من مقدمي المعونة؟ ( اختر اهم 3)","","count-selected(.)<=3","yes","","You cannot select more than 3 options.","",NA,"","",NA,"","",""
"text","info_aid_other","if other, please describe","اذا كان الجواب اخر ,الرجاء الوصف ","selected(${info_aid},'other')","","yes","","","",NA,"","",NA,"","",""
"select_multiple info_provider","info_provider","Who/where would you prefer to receive information from (top 3)?
","ممن او من اين تفضل تلقي هذه المعلومات؟ اختر اهم 3","","count-selected(.)<=3","yes","","You cannot select more than 3 options.","",NA,"","",NA,"","",""
"text","info_provider_other","if other, please describe","اذا كان الجواب اخر ,الرجاء الوصف ","selected(${info_provider},'other')","","yes","","","",NA,"","",NA,"","",""
"select_multiple info_mode","info_mode","What is your preferred means of receiving the information (top 3)?","ماهي الوسائل المفضلة لديك لتلقي المعلومات ( اختر اهم 3)؟","","count-selected(.)<=3","yes","","You cannot select more than 3 options.","",NA,"","",NA,"","",""
"text","info_mode_other","if other, please describe","اذا كان الجواب اخر ,الرجاء الوصف ","selected(${info_mode},'other')","","yes","","","",NA,"","",NA,"","",""
"select_one YND","aid_received","Have you received aid in the past 30 days?
","هل استلمت معونات او مساعدات خلال ال30 يوما الماضية؟","","","yes","","","",NA,"","",NA,"","",""
"select_multiple aid_type","aid_type","What kind did you receive? ","مانوع المساعدة التي استلمتها؟","selected(${aid_received},'yes')","","yes","","","",NA,"","",NA,"","",""
"select_one YND1","aid_satisfaction","If you have received aid in the last 30 days, are you satisfied with the aid you received?
","اذا نعم، هل انت راضٍ عن المساعدة التي استلمتها؟","selected(${aid_received},'yes')","","yes","","","",NA,"","",NA,"","",""
"select_one aid_not_satisfied","aid_not_satisfied","If you have received aid in the last 30 days and were not satisfied, why were you not satisfied with the aid received?","اذا كنت قد تلقيت المساعدة خلال ال30 يوما الماضية ولم تكن راضيا بها، ماسبب عدم رضاك؟","selected(${aid_satisfaction},'no')","","yes","","","",NA,"","",NA,"","",""
"text","aid_not_satisfied_other","if other, please describe","اذا كان الجواب اخر ,الرجاء الوصف ","selected(${aid_not_satisfied},'other')","","","","","",NA,"","",NA,"","",""
"select_one YNDD","aid_workers_satisfied","Are you satisfied with the way aid workers have behaved in the last 6 months in your location?  ","هل انت راضٍ عن التصرّف الذي قام به عمال الاغاثة خلال ال6 اشهر الماضية في موقعك؟","","","yes","","","",NA,"","",NA,"","",""
"text","aid_workers_whyno","If not, why not?","اذا كلا، مالسبب؟","selected(${aid_workers_satisfied},'no')","","yes","","","",NA,"","",NA,"","",""
"select_multiple aid_feedback","aid_feedback","How would you prefer to provide feedback to aid providers about the quality, quantity and appropriateness of the aid you will receive (top 3)?  ","كيف تفضل تقديم تعليقات لمقدمي المساعدات حول جودة وكمية وملاءمة المعونة التي ستحصل عليها (اختر 3 كحد اعلى)؟","","count-selected(.)<=3","yes","","You cannot select more than 3 options.","",NA,"","",NA,"","",""
"text","aid_feedback_other","if other, please describe","اذا كان الجواب اخر ,الرجاء الوصف ","selected(${aid_feedback},'other')","","yes","","","",NA,"","",NA,"","",""
"select_one YNDD","community_decision_making","Do you feel like you have a say in decisions that affect your community?","هل تشعر وكأنك لديك رأي في القرارات التي تؤثر على مجتمعك؟","","","yes","","","",NA,"","",NA,"","",""
"end group","","","","","","","","","",NA,"","",NA,"","",""
"begin group","Contact_group","Contact","اتصال","${calc_noteligible} = 0","","","","","",NA,"","",NA,"","",""
"select_one Yes_No","further_contact_willing","Are you prepared to provide your details so that we can contact you by telephone to take part in other future assessments about your area of origin?","هل انت مستعد لتقديم التفاصيل الخاصة بك بحيث نستطيع الاتصال بك على الهاتف في المستقبل من اجل المشاركة في التقييمات الاخرى عن منطقتك المنشأ ؟ ","","","yes","","","",NA,"","",NA,"","",""
"begin group","contact_details","Please provide your contact details:","يرجى تقديم تفاصيل الاتصال الخاصة بك","selected(${further_contact_willing},'yes')","","","","","",NA,"field-list","",NA,"","",""
"text","contact_details_name","Full name","الاسم الكامل","selected(${further_contact_willing}, 'yes')","","yes","","","",NA,"","",NA,"","",""
"text","contact_details_telephone","Telephone number","رقم الهاتف","selected(${further_contact_willing}, 'yes')","regex(., '^[0]{1}[0-9]{10}$')","yes","","should be 11 digits and start with 0","ينبغي ان يكون 11 رقماً ويبدأ بـ 0",NA,"","",NA,"","",""
"end group","","","","","","","","","",NA,"","",NA,"","",""
"end group","","","","","","","","","",NA,"","",NA,"","",""
"geopoint","gpslocation","Record the current location within 5 meters of accuracy","الرجاء تحديد الموقع ضمن مسافة 5 امتار ان امكن","${calc_noteligible} = 0","","","","","",NA,"","",NA,"","",""
"note","thanks","END OF SURVEY - THANK YOU FOR YOUR TIME please exit the form and submit it","نهايه الاستطلاع شكرا لوقتك الرجاء أغلاق الاستمارة وأرسالها.","","","","","","",NA,"","",NA,"","",""
"","","","","","","","","","",NA,"","",NA,"","",""
"","","","","","","","","","",NA,"","",NA,"","",""
"","","","","","","","","","",NA,"","",NA,"","",""
"","","","","","","","","","",NA,"","",NA,"","",""
"","","","","","","","","","",NA,"","",NA,"","",""
"","","","","","","","","","",NA,"","",NA,"","",""
"","","","","","","","","","",NA,"","",NA,"","",""
"","","","","","","","","","",NA,"","",NA,"","",""
"","","","","","","","","","",NA,"","",NA,"","",""
"","","","","","","","","","",NA,"","",NA,"","",""
"","","","","","","","","","",NA,"","",NA,"","",""
"","","","","","","","","","",NA,"","",NA,"","",""
"","","","","","","","","","",NA,"","",NA,"","",""
"","","","","","","","","","",NA,"","",NA,"","",""
