"list_name","name","label","label..Arabic","Governorate"
"Governorate_MCNA","Anbar","Anbar","الأنبار",""
"Governorate_MCNA","Babylon","Babylon","بابل",""
"Governorate_MCNA","Baghdad","Baghdad","بغداد",""
"Governorate_MCNA","Basrah","Basrah","البصرة",""
"Governorate_MCNA","Dahuk","Dahuk","دهوك",""
"Governorate_MCNA","Diyala","Diyala","ديالى",""
"Governorate_MCNA","Erbil","Erbil","اربيل",""
"Governorate_MCNA","Kerbala","Kerbala","كربلاء",""
"Governorate_MCNA","Missan","Missan","ميسان",""
"Governorate_MCNA","Muthanna","Muthanna","المثنى",""
"Governorate_MCNA","Najaf","Najaf","النجف",""
"Governorate_MCNA","Ninewa","Ninewa","نينوى",""
"Governorate_MCNA","Qadissiya","Qadissiya","القادسية",""
"Governorate_MCNA","Sulaymaniyah","Sulaymaniyah","السليمانية",""
"Governorate_MCNA","Thi_Qar","Thi-Qar","ذي قار",""
"Governorate_MCNA","Wassit","Wassit","واسط",""
"Governorate_MCNA","Kirkuk","Kirkuk","كركوك",""
"Governorate_MCNA","Salah_al_Din","Salah al-Din","صلاح الدين",""
"","","","",""
"District_MCNA","Ana","Ana","عانه","Anbar"
"District_MCNA","Falluja","Falluja","الفلوجة","Anbar"
"District_MCNA","Haditha","Haditha","حديثة","Anbar"
"District_MCNA","Heet","Heet","هيت","Anbar"
"District_MCNA","Kaim","Ka'im","القائم","Anbar"
"District_MCNA","Ramadi","Ramadi","الرمادي","Anbar"
"District_MCNA","Rutba","Rutba","الرطبة","Anbar"
"District_MCNA","Ruua","Ru'ua","راوة","Anbar"
"District_MCNA","Hashimiya","Hashimiya","الهاشمية","Babylon"
"District_MCNA","Hilla","Hilla","الحلة","Babylon"
"District_MCNA","Mahawil","Mahawil","المحاويل","Babylon"
"District_MCNA","Musayab","Musayab","المسيب","Babylon"
"District_MCNA","Abu_Ghraib","Abu Ghraib","أبو غريب","Baghdad"
"District_MCNA","Adhamia","Adhamia","الاعظمية","Baghdad"
"District_MCNA","Kadhimia","Kadhimia","الكاظمية","Baghdad"
"District_MCNA","Karkh","Karkh","الكرخ","Baghdad"
"District_MCNA","Madain","Mada'in","المدائن","Baghdad"
"District_MCNA","Mahmoudiya","Mahmoudiya","المحمودية","Baghdad"
"District_MCNA","Resafa","Resafa","الرصافة","Baghdad"
"District_MCNA","Tarmia","Tarmia","الطارمية","Baghdad"
"District_MCNA","Thawra1","Thawra1","الثورة 1","Baghdad"
"District_MCNA","Thawra2","Thawra2","الثورة 2","Baghdad"
"District_MCNA","Abu_Al_Khaseeb","Abu Al-Khaseeb","ابي الخصيب","Basrah"
"District_MCNA","Basrah","Basrah","البصرة","Basrah"
"District_MCNA","Fao","Fao","الفاو","Basrah"
"District_MCNA","Midaina","Midaina","المدينة","Basrah"
"District_MCNA","Qurna","Qurna","القرنة","Basrah"
"District_MCNA","Shatt_Al_Arab","Shatt Al-Arab","شط العرب","Basrah"
"District_MCNA","Zubair","Zubair","الزبير","Basrah"
"District_MCNA","Amedi","Amedi","العمادية","Dahuk"
"District_MCNA","Dahuk","Dahuk","دهوك","Dahuk"
"District_MCNA","Sumel","Sumel","سميل","Dahuk"
"District_MCNA","Zakho","Zakho","زاخو","Dahuk"
"District_MCNA","Baladrooz","Baladrooz","بلدروز","Diyala"
"District_MCNA","Baquba","Ba'quba","بعقوبة","Diyala"
"District_MCNA","Khalis","Khalis","الخالص","Diyala"
"District_MCNA","Khanaqin","Khanaqin","خانقين","Diyala"
"District_MCNA","Kifri","Kifri","كفري","Diyala"
"District_MCNA","Muqdadiya","Muqdadiya","المقدادية","Diyala"
"District_MCNA","Choman","Choman","جومان","Erbil"
"District_MCNA","Erbil","Erbil","اربيل","Erbil"
"District_MCNA","Koisnjaq","Koisnjaq","كويسنجق","Erbil"
"District_MCNA","Makhmur","Makhmur","مخمور","Erbil"
"District_MCNA","Mergasur","Mergasur","ميركاصور","Erbil"
"District_MCNA","Shaqlawa","Shaqlawa","شقلاوة","Erbil"
"District_MCNA","Soran","Soran","سوران","Erbil"
"District_MCNA","Ain_Al_Tamur","Ain Al-Tamur","عين تمر","Kerbala"
"District_MCNA","Hindiya","Hindiya","الهندية","Kerbala"
"District_MCNA","Kerbala","Kerbala","كربلاء","Kerbala"
"District_MCNA","Dabes","Dabes","دبس","Kirkuk"
"District_MCNA","Daquq","Daquq","داقوق","Kirkuk"
"District_MCNA","Hawiga","Hawiga","الحويجة","Kirkuk"
"District_MCNA","Kirkuk","Kirkuk","كركوك","Kirkuk"
"District_MCNA","Ali_Al_Gharbi","Ali Al-Gharbi","علي الغربي","Missan"
"District_MCNA","Amara","Amara","العمارة","Missan"
"District_MCNA","Kahla","Kahla","الكحلاء","Missan"
"District_MCNA","Maimouna","Maimouna","الميمونة","Missan"
"District_MCNA","Mejar_Al_Kabi","Mejar Al-Kabi","المجر الكبير","Missan"
"District_MCNA","Qalat_Saleh","Qal'at Saleh","قلعة صالح","Missan"
"District_MCNA","Khidhir","Khidhir","الخضر","Muthanna"
"District_MCNA","Rumaitha","Rumaitha","الرميثة","Muthanna"
"District_MCNA","Salman","Salman","السلمان","Muthanna"
"District_MCNA","Samawa","Samawa","السماوة","Muthanna"
"District_MCNA","Kufa","Kufa","الكوفة","Najaf"
"District_MCNA","Manathera","Manathera","المناذرة","Najaf"
"District_MCNA","Najaf","Najaf","النجف","Najaf"
"District_MCNA","Akre","Akre","عقرة","Ninewa"
"District_MCNA","Baaj","Ba'aj","البعاج","Ninewa"
"District_MCNA","Hamdaniya","Hamdaniya","الحمدانية","Ninewa"
"District_MCNA","Hatra","Hatra","الحضر","Ninewa"
"District_MCNA","Mosul","Mosul","الموصل","Ninewa"
"District_MCNA","Shikhan","Shikhan","الشيخان","Ninewa"
"District_MCNA","Sinjar","Sinjar","سنجار","Ninewa"
"District_MCNA","Telafar","Telafar","تلعفر","Ninewa"
"District_MCNA","Tilkaif","Tilkaif","تلكيف","Ninewa"
"District_MCNA","Afaq","Afaq","عفك","Qadissiya"
"District_MCNA","Diwaniya","Diwaniya","الديوانية","Qadissiya"
"District_MCNA","Hamza","Hamza","الحمزة","Qadissiya"
"District_MCNA","Shamiya","Shamiya","الشامية","Qadissiya"
"District_MCNA","Baiji","Baiji","بيجي","Salah_al_Din"
"District_MCNA","Balad","Balad","بلد","Salah_al_Din"
"District_MCNA","Daur","Daur","الدور","Salah_al_Din"
"District_MCNA","Fares","Fares","الفارس","Salah_al_Din"
"District_MCNA","Samarra","Samarra","سامراء","Salah_al_Din"
"District_MCNA","Shirqat","Shirqat","الشرقاط","Salah_al_Din"
"District_MCNA","Thethar","Thethar"," الثرثار","Salah_al_Din"
"District_MCNA","Tikrit","Tikrit","تكريت","Salah_al_Din"
"District_MCNA","Tooz","Tooz","طوز خورماتو","Salah_al_Din"
"District_MCNA","Chamchamal","Chamchamal","جمجمال","Sulaymaniyah"
"District_MCNA","Darbandihkan","Darbandihkan","دربندخان","Sulaymaniyah"
"District_MCNA","Dokan","Dokan","دوكان","Sulaymaniyah"
"District_MCNA","Halabja","Halabja","حلبجة","Sulaymaniyah"
"District_MCNA","Kalar","Kalar","كلار","Sulaymaniyah"
"District_MCNA","Penjwin","Penjwin","بنجوين","Sulaymaniyah"
"District_MCNA","Pshdar","Pshdar","بشدر","Sulaymaniyah"
"District_MCNA","Rania","Rania","رانية","Sulaymaniyah"
"District_MCNA","Sharbazher","Sharbazher","شهربازار","Sulaymaniyah"
"District_MCNA","Sulaymaniya","Sulaymaniya","السليمانية","Sulaymaniyah"
"District_MCNA","Chibayish","Chibayish","الجبايش","Thi_Qar"
"District_MCNA","Nassriya","Nassriya","الناصرية","Thi_Qar"
"District_MCNA","Rifai","Rifa'i","الرفاعي","Thi_Qar"
"District_MCNA","Shatra","Shatra","الشطرة","Thi_Qar"
"District_MCNA","Suq_Al_Shoyokh","Suq Al-Shoyokh","سوق الشيوخ","Thi_Qar"
"District_MCNA","Azezia","Azezia"," العزيزية","Wassit"
"District_MCNA","Badra","Badra","بدرة","Wassit"
"District_MCNA","Hai","Hai","الحي","Wassit"
"District_MCNA","Kut","Kut","الكوت","Wassit"
"District_MCNA","Namaniya","Na'maniya","النعمانية","Wassit"
"District_MCNA","Suwaira","Suwaira","الصويرة","Wassit"
"","","","",""
"Yes_No","yes","Yes","نعم",""
"Yes_No","no","No","لا",""
"","","","",""
"Sex","male","Male","ذكر",""
"Sex","female","Female","أنثى",""
"","","","",""
"hh_type","non_displaced","Non-Displaced","الباقون (الذين لم يغادروا مناطقهم الاصلية اثناء الصراع)",""
"hh_type","idp","IDP","النازحون ( الذين غادروا مناطقهم الاصلية اثناء الصراع)",""
"hh_type","returnee","Returnee","العائدون (الذين نزحوا وعادوا الى مناطقهم الاصلية بعد الصراع)",""
"","","","",""
"intention","remain","Remain in current location","البقاء في المكان الحالي",""
"intention","return","Return to area of origin","العودة الى منطقة الاصل",""
"intention","move_inside_iraq","Move to another location - inside Iraq","الانتقال الى مكان آخر ( داخل العراق)",""
"intention","move_outside_iraq","Move to another location - outside Iraq","الانتقال الى مكان آخر ( خارج العراق)",""
"intention","wait_to_decide","Do not know - waiting to make a decision","لا أعلم – الأنتظار حتى اتخاذ القرار",""
"","","","",""
"intention_nonidp","remain","Remain in current location","البقاء في المكان الحالي",""
"intention_nonidp","move_inside_iraq","Move to another location - inside Iraq","الانتقال الى مكان آخر ( داخل العراق)",""
"intention_nonidp","move_outside_iraq","Move to another location - outside Iraq","الانتقال الى مكان آخر ( خارج العراق)",""
"intention_nonidp","wait_to_decide","Do not know - waiting to make a decision","لا أعلم – الأنتظار حتى اتخاذ القرار",""
"","","","",""
"reasons_return","security_stable","Security situation in area of origin is stable","الوضع الامني مستقر في منطقة المنشأ",""
"reasons_return","uxo","Area of origin was cleared of explosive hazards","تم مسح المنطقة المنشأ من مواد التفجير",""
"reasons_return","other_members_returned","Other family / community members have returned","افراد الاسرة او المجتمع الاخرون قد قاموا بالعودة الى منطقة المنشأ",""
"reasons_return","livelihood_availability_there","Livelihood options are available there","خيارات المعيشة متاحة هناك",""
"reasons_return","basic_services_availability","Basic services (water, electricity, health, education, etc.) are available in the area of origin","توافر الخدمات الرئيسية في منطقة المنشأ من مياه وكهرباء وصحة وتعليم وغيرها",""
"reasons_return","emotional_desire","Emotional desire to return","الرغبة العاطفية بالعودة",""
"reasons_return","secure_house_land","Necessary to secure personal housing, land and property","ضرورة حماية المنزل الشخصي والارض والممتلكات",""
"reasons_return","limited_livelihood_opportunities","Limited livelihood opportunities in area of displacement","محدودية فرص المعيشة الموجودة في منطقة النزوح",""
"reasons_return","limited_services","Limited services in area of displacement","خدمات محدودة في منطقة النزوح",""
"reasons_return","no_safe_in_area_of_displace","Do not feel safe in area of displacement","عدم الشعور بالأمان في منطقة النزوح",""
"reasons_return","no_integrated_in_area_of_displace","Do not feel integrated in the area of displacement","عدم الشعور بالإندماج في منطقة النزوح",""
"reasons_return","facing_eviction","Facing eviction in the area of displacement","مواجهة الاخلاء في منطقة النزوح",""
"reasons_return","forced_security","Forced to return by security actors or civilian authoritis","أُجبر على العودة من قبل الجهات الامنية او الحكومة المدنية",""
"reasons_return","fam_released","Family member released from detention","خروج احد افراد العائلة من الاحتجاز او الحجز",""
"","","","",""
"ox8ul79","fear_trauma","Security concerns: Fear/trauma associated with returning to place of origin","الخوف / الصدمة المرتبطة بالعودة الى منطقة المنشأ",""
"ox8ul79","lack_of_security_forces","Security concerns: Lack of security forces","نقص في القوات الامنية",""
"ox8ul79","presence_of_mines","Security concerns: Presence of explosive hazards (mines, bombs, IEDs)","مخاوف أمنية: وجود مواد متفجرة وخطرة ( كالالغام والقنابل الغير متفجرة)",""
"ox8ul79","desicrimination","Security concerns: Fear of discrimination","مخاوف امنية:الخوف من التمييز",""
"ox8ul79","movement_restrictions","Movement restrictions (do not have proper paperwork to relocate)","قيود في الحركة( لا املك الاوراق او الثبوتيات الكافية للنقل)",""
"ox8ul79","no_personal_id","No personal identification documents","لا توجد مستمسكات او وثائق شخصية",""
"ox8ul79","no_transport_to_return","No transportation available to return home","عدم توفر المواصلات للعودة الى منطقة المنشأ",""
"ox8ul79","no_financial_money_to_return","No financial means to return and restart","عدم وجود سيولة مالية للعودة والبدء من جديد",""
"ox8ul79","lack_livelihood_generating_income","Lack of livelihood/income generating activities in AoO","قلة في سبل كسب العيش / الأنشطة المدرة للدخل ",""
"ox8ul79","house_damaged_destroyed","House has been damaged/destroyed","المنزل تضرر / تم تدميره",""
"ox8ul79","house_land_occupied","House/land is currently occupied","المنزل او الارض مسكون من قبل اشخاص",""
"ox8ul79","legal_ownership_issues","Legal ownership issues surrounding house and property","قضايا الملكية القانونية المحيطة بالمنزل والممتلكات",""
"ox8ul79","hh_assets_stolen_damaged","Household assets have been damaged/stolen","اغراض المنزل او الاثاث قد تضرر او تمت سرقتها",""
"ox8ul79","local_markets_not_working","Local markets are not functioning","الاسواق المحلية لا تعمل",""
"ox8ul79","basic_services_not_enough","Basic services in the area of origin are not enough/available (electricity, water, health)","عدم كفاية الخدمات الرئيسية في منطقة المنشأ من كهرباء وماء وصحة",""
"ox8ul79","lack_of_education_oppotunities","Lack of education opportunities for children in the area of origin","عدم توفر فرص التعليم للأطفال في المنطقة الأصلية ",""
"ox8ul79","immediate_family_wont_return","Immediate family and network will not return","لن يعود اعضاء العائلة المباشرين او اي احد له صلة قرابة بالعائلة",""
"ox8ul79","health_conditions","Health condition does not allow me to leave the area of displacement","الوضع الصحي لا يسمح بمغادرة منطقة النزوح",""
"ox8ul79","children_enrolled_in_displacement","Children enrolled at school in the area of displacement","تم تسجيل الاطفال في مدارس منطقة النزوح",""
"ox8ul79","living_conditions_better","Living conditions are better in the area of displacement","ان الظروف المعيشية هي افضل في منطقة النزوح",""
"ox8ul79","do_not_know","Do not know","لا اعلم",""
"ox8ul79","decline_to_answer","Decline to answer","يفضل عدم الاجابة",""
"","","","",""
"places","Health_facility","Health facility","في مركز صحي",""
"places","Women_center","Women center","في مركز نسوي",""
"places","MOLSA_DOLSA","Ministry/Directorate of Labour and Social Affairs (MoLSA/DoLSA)","في وزارة / دائرة العمل والشؤون الاجتماعية",""
"places","private_lawyer","Private lawyer or humanitarian legal assistance partner","مع محامي خاص او شريك للمساعدة القانونية الانسانية",""
"places","do_not_know","Do not know","لا اعلم",""
"places","decline_to_answer","Decline to answer","يفضل عدم الاجابة",""
"places","other","Other (Enter Text)","اخرى",""
"","","","",""
"food_source","voucher_pds","Purchased with food vouchers / PDS","شراء من قسائم غذائية , او البطاقة التموينية ,.....",""
"food_source","cash","Purchased with own cash","شراء نقدا من المال الخاص",""
"food_source","cash_assistance","Purchased with cash assistance","شراء من المساعدات المالية",""
"food_source","inkind_labour","Received in-kind for labour or other items","تلقي مساعدات غذائية عينية مقابل العمل ",""
"food_source","food_assistance_gov","food assistance from government","مساعدة غذائية من الحكومة",""
"food_source","credit","Purchased on credit (debt)","الشراء بالدين",""
"food_source","gifts_family_friends","Gift of food from family or friends","هدايا من قبل الاهل او الاصدقاء",""
"food_source","own_production","Own Production (including hunting, fishing, gathering)","الأنتاج الخاص بالعائلة _ محاصيل او حيوانات بمافي ذلك الصيد والجمع وصيد الاسماك)",""
"food_source","aid_un_ngo_assistance","Food assistance from UN or international organisations","المساعدات الغذائية من قبل المنظمات  او الامم المتحدة",""
"food_source","begging","Begging","التسول",""
"food_source","stealing","Food assistance from local charity or community","مساعدات غذائية من الجمعيات الخيرية المحلية أو المجتمع المحلي",""
"food_source","other","Other","اخرى",""
"","","","",""
"YNDD","yes","Yes","نعم",""
"YNDD","no","No","كلا",""
"YNDD","do_not_know","Do not know","لا يعلم",""
"YNDD","decline_to_answer","Decline to answer","يفضل عدم الاجابة",""
"","","","",""
"freq","once_aweek","Once a week","مرة بالاسبوع",""
"freq","every_2_weeks","Once every other week","مرة كل اسبوعين",""
"freq","once_amonth","Once a month","مرة بالشهر",""
"freq","every_2_3_months","Once every 2-3 months","مرة كل 2-3 أشهر",""
"","","","",""
"pds_items","Wheat_Flour","Wheat Flour","طحين",""
"pds_items","Vegetable_oil","Vegetable oil","زيت نباتي",""
"pds_items","Fuel","Fuel","نفط",""
"pds_items","Sugar","Sugar","سكر",""
"pds_items","Rice","Rice","تمّن / رز",""
"pds_items","Powder_milk","Powder milk","حليب مجفف ( بودرة)",""
"pds_items","other","Other","اخرى",""
"","","","",""
"distance","within_2km","Within 2 km","ضمن مسافة 2 كم",""
"distance","between_2km_5km","Between 2-5 km away","بين 2 الى 5 كم",""
"distance","more_than5kmaway","More than 5 km away","بعيد لاكثر من 5 كم",""
"distance","none","None that the household can access (movement restriction/security)","لا تستطيع الاسرة الوصول اليها ( بسبب قيود في الحركة او لأسباب أمنية)",""
"distance","do_not_know","Don't know of a functioning health center","لا أعلم بوجود مركز صحي يعمل",""
"","","","",""
"distance_h","within_2km","Within 2 km","ضمن مسافة 2 كم",""
"distance_h","between_2km_5km","Between 2-5 km away","بين 2 الى 5 كم",""
"distance_h","between_6km_10km","Between 6-10 km away","بين 6 الى 10 كم",""
"distance_h","more_10km","More than 10 km away","بعيدة لأكثر من 10 كم",""
"distance_h","none","None that the household can access (movement restriction/security)","لا تستطيع الاسرة الوصول اليها ( بسبب قيود في الحركة او لأسباب أمنية)",""
"distance_h","do_not_know","Do not know of a functioning hospital","لا أعلم بوجود مشفى يعمل",""
"","","","",""
"management1","same_provider","Same provider as for the whole family","نفسهم الذين يقدمونها للعائلة",""
"management1","different_private_clinic","A different private clinic","عيادة خاصة مختلفة",""
"management1","different_public_facility","A different public health facility (clinic or hospital)","منشأة صحية عامة مختلفة ( عيادة او مشفى عام)",""
"management1","different_INGO","A different international organization","منظمة دولية مختلفة ( الامم المتحدة، الهلال الاحمر العراقي، اطباء بلا حدود)",""
"management1","different_local_ngo","A different Local organization","منظمات محلية مختلفة ( جهات دينية ، متطوعين)",""
"management1","do_not_know","Do not know","لا اعلم",""
"management1","other","Other","اخرى",""
"","","","",""
"YND","yes","Yes","نعم",""
"YND","no","No","كلا",""
"YND","do_not_know","Do not know","لا اعلم",""
"","","","",""
"water_source","network_private","Network (private access)","شبكة مياه (ربط خاص)",""
"water_source","network_comm","Network (communal access)","شبكة مياه (ربط بأنبوب مياه مشترك)",""
"water_source","dug_well","Dug Well (HH Well)","بئر ماء محفور ( بئر للاسرة)",""
"water_source","water_trucking","Water Trucking","نقل المياه بالشاحنات ",""
"water_source","river_spring","River or spring","نهر او ينبوع ماء",""
"water_source","shop","Purchased from Shop","تم شراؤها من محل",""
"water_source","other","Other","اخرى ",""
"","","","",""
"safer_drinking","not_necessary","No treatment necessary","لا ضرورة لمعالجتها (تصفيتها)",""
"safer_drinking","Boiling","Boiling Water","غلي الماء",""
"safer_drinking","hh_filter","HH filter","تصفيتها بالمرشح (الفلتر)",""
"safer_drinking","Chlorination","Chlorination","اضافة الكلور",""
"safer_drinking","other","Other","اخرى",""
"","","","",""
"waste_disposal","collected","Collected by municipality","يتم تجميعها من قبل البلدية ",""
"waste_disposal","communal_bin","Communal garbage bin","صندوق حاوية قمامة عام",""
"waste_disposal","rubbish_pit","Rubbish Pit","حفرة القمامة",""
"waste_disposal","burning","Burning","حرق القمامة",""
"waste_disposal","throw_in_street","Throw in street / open space","رمي في الشارع / مساحة مفتوحة",""
"waste_disposal","other","Other","اخرى",""
"","","","",""
"waste_disposal_freq","every_day","Every day","كل يوم",""
"waste_disposal_freq","every_week","Every week","كل اسبوع",""
"waste_disposal_freq","every_2_weeks","Every two weeks","كل اسبوعين",""
"waste_disposal_freq","every_month","Every month","كل شهر",""
"waste_disposal_freq","more_than_monthly","More than every month","اكثر من شهر واحد",""
"waste_disposal_freq","not_available","Service not available","الخدمة غير متاحة",""
"","","","",""
"latrines","public","Public latrines","تواليتات عامة",""
"latrines","communal","Communal latrines","تواليتات مشتركة",""
"latrines","private","Private latrines","تواليتات خاصة",""
"latrines","none","No latrines","لا توجد تواليتات",""
"","","","",""
"settlement_type","informal_site","Informal / spontaneous site","موقع غير رسمي / عفوي",""
"settlement_type","collective_center","Collective center","مجمع سكني",""
"settlement_type","residential_housing","Residential housing","بيئة سكنية (موقع فيه ابنية ومساكن )",""
"settlement_type","built_environment","Built environment (not for Residential purposes)","بيئة مبنية ( ليست لغرض السكن)",""
"","","","",""
"shelter_type","House","House","منزل",""
"shelter_type","Apartment","Apartment","شقة",""
"shelter_type","Hotel","Hotel","فندق",""
"shelter_type","Unfinished_Abandoned_building","Unfinished building or abandoned residentional building","بناء غير مكتمل او مهجور",""
"shelter_type","damaged_building","Damaged residential building","مبنى سكني متضرر",""
"shelter_type","Tent","Tent","خيمة",""
"shelter_type","religious_building","Religious building","مبنى ديني",""
"shelter_type","public_building","Public building ( school, etc)","مبنى عام ( مدرسة وغيرها)",""
"shelter_type","Container","Container","كارافان",""
"shelter_type","non_residential","Non-Residential structure (garage, farm House, shop)","بناء ليس للسكن ( كراج، دكان او محل، بيت مزرعة)",""
"shelter_type","makeshift_shelter","Makeshift shelter (with scavenged materials)","مبنى مؤقت او ارتجالي",""
"shelter_type","other","Other","اخرى (حدد)",""
"","","","",""
"eviction","lack_funds","Lack of funds to pay rental costs","نقص الأموال لدفع تكاليف الإيجار",""
"eviction","no_longer_hosted","Host family no longer able to host our family","لم تعد العائلة المضيفة قادرة على استضافة عائلتنا",""
"eviction","unaccepted_by_community","Local community does not accept our family living in the area","المجتمع المحلي لا يقبل بعائلتنا للعيش في المنطقة",""
"eviction","authorities_request","Authorities requested our household to leave","طلبت السلطات من اسرتنا المغادرة",""
"eviction","owner_request","Request to vacate from owner of building/land","طلب إخلاء من مالك المبنى / الأرض",""
"eviction","other","Other","اخرى",""
"","","","",""
"agreement","no_agreement","No tenancy agreement","لا يوجد اتفاق تأجير او عقد",""
"agreement","written_not_expired","Written valid tenancy agreement (not expired)","اتفاقية إيجار مكاتبه سارية (لم تنته صلاحيتها)",""
"agreement","written_expired","Written valid tenancy agreement (expired)","اتفاقية إيجار مكاتبه منتهية الصلاحية",""
"agreement","verbal_agreement","Verbal tenancy agreement","اتفاق ايجار شفوي",""
"agreement","own_house","We own the house","نحن نملك المنزل",""
"agreement","do_not_know","Do not know","لا اعلم",""
"","","","",""
"nfi_needs","Bedding_items","Bedding items (bedsheets, pillows)","مستلزمات النوم (شراشف الأسرّة ، الوسائد)",""
"nfi_needs","Mattresses_Sleeping_mats","Mattresses/Sleeping mats","دواشك",""
"nfi_needs","Blankets","Blankets","بطانيات",""
"nfi_needs","Cooking_utensils_kitchen_set","Cooking utensils/kitchen set","أواني الطبخ / مجموعة المطبخ",""
"nfi_needs","Cooking_fuel","Cooking fuel","وقود الطهي",""
"nfi_needs","Cooking_stove","Cooking stove","فرن الطهي",""
"nfi_needs","Water_storage","Water storage","خزان مياه",""
"nfi_needs","Source_of_light","Source of light","مصدر للضوء",""
"nfi_needs","Clothing","Clothing","ملابس",""
"nfi_needs","Fan","Fan","مروحة",""
"nfi_needs","AWC","Air water cooler","مبرّدة تعمل على الماء ( مكيف )",""
"nfi_needs","Cool_box","Cool box","صندوق التبريد (فلينة)",""
"nfi_needs","Winter_heaters","Winter heaters/stove","سخانات شتوية / موقد",""
"nfi_needs","Heating_fuel","Heating fuel","وقود التدفئة",""
"nfi_needs","Fuel_storage","Fuel storage","خزان للوقود",""
"nfi_needs","none","None of the above","لاشيء مما سبق",""
"nfi_needs","other","Other","اخرى",""
"","","","",""
"place","within_2km","Within 2 km","ضمن مسافة 2 كم",""
"place","between_2_5","Between 2-5 km","من 2 الى 5 كم",""
"place","more_than5kmaway","More than 5 km","بعيد لاكثر من 5 كم",""
"place","none","None that the household can access (movement restriction/security)","لا تستطيع الاسرة الوصول اليها ( بسبب قيود في الحركة او لأسباب أمنية)",""
"place","do_not_know","Do not know of a functioning primary school","لا أعلم بوجود مدرسة ابتدائية تعمل",""
"","","","",""
"place1","within_2km","Within 2 km","ضمن مسافة 2 كم",""
"place1","between_2_5","Between 2-5 km","من 2 الى 5 كم",""
"place1","more_than5kmaway","More than 5 km","بعيد لاكثر من 5 كم",""
"place1","none","None that the household can access (movement restriction/security)","لا تستطيع الاسرة الوصول اليها ( بسبب قيود في الحركة او لأسباب أمنية)",""
"place1","do_not_know","Don't know of a functioning secondary school","لا أعلم بوجود مدرسة متوسطة تعمل",""
"","","","",""
"condition","Completely_destroyed","Completely destroyed","مدمرة بالكامل",""
"condition","Contains_explosive_hazards","Contains explosive hazards","تحتوي على مواد متفجرة خطيرة",""
"condition","Ocupied_by_IDPs","Ocupied by IDPs","مشغولة من قبل النازحين",""
"condition","Ocupied_by_armed_groups","Ocupied by armed groups","مشغولة من قبل المجموعات المسلحة",""
"condition","Partially_damaged_but_functional","Partially damaged but functional","ضرر جزئي ولكن المدرسة تعمل",""
"condition","Fully_functional","Fully functional - not damaged or occupied","تعمل بشكل تام ( غير مسكونة او متضررة)",""
"condition","do_not_know","I Do not know the condition","لا اعلم عن وضع المدرسة",""
"","","","",""
"livelihood_type","Savings","Savings","انفاق المدخرات",""
"livelihood_type","Employment","Employment","العمل / العمالة",""
"livelihood_type","Remittences","Remittences","التحويلات / الحوالات",""
"livelihood_type","Retirement_pension","Retirement fund or pension","صندوق التقاعد او معاش تقاعد",""
"livelihood_type","Selling_assets","Selling household assets","بيع اثاث المنزل",""
"livelihood_type","Selling_assistance_received","Selling assistance received","بيع المساعدة المتلقاة",""
"livelihood_type","Loans_debts","Loans, debts","ديون او قروض",""
"livelihood_type","MODM_cash_assistance","MODM cash assistance","المساعدة المالية من وزارة الهجرة والمهجرين",""
"livelihood_type","Support_from_community","Support from community, friends, family","دعم من المجتمع او الاصدقاء او العائلة",""
"livelihood_type","NGO_charity_assistance","NGO or charity assistance","مساعدات خيرية او منظمة غير حكومية",""
"livelihood_type","Social_service","Social service (disability allowance)","رعاية اجتماعية ( راتب اعاقة، شهيد...)",""
"livelihood_type","illegal_activity","Illegal or socially degrading activities (e.g. unlawful sales, survival sex, begging, etc.)","الأنشطة غير القانونية أو المهينة اجتماعيًا (على سبيل المثال ، المبيعات غير القانونية، أو التسول ، وما إلى ذلك)",""
"livelihood_type","other","Other","اخرى",""
"","","","",""
"employment","Agriculture","Agriculture"," في مجال الزراعة",""
"employment","Construction","Construction","في مجال البناء",""
"employment","service_industry","Service industry (Janitor, waiter, etc)","قطاع الخدمات منخفضة المهارات (بوّاب, نادل.طباخ.الخ)",""
"employment","vocational_carpenter","Vocational (carpenter, electrician, plumber, or other professional)","ممارس للمهن ( نجار او كهربائي اوسبّاك او اية مهنة اخرى)",""
"employment","teacher_lawyer_engineer","Teacher, lawyer, engineer","مدرّس او محامي او مهندس",""
"employment","public_security_official","Public security official (police, military, etc.)","موظف الأمن العام (الجيش والشرطة والحشد الشعبي والبيشمركة والزيرفاني..)",""
"employment","taxi_or_truck","Taxi or truck driver","مواصلات ( سائق تكسي/مركبة ثقيلة...)",""
"employment","small_business_owner","Small business owner","صاحب اعمال صغيرة",""
"employment","government_Job_not","Government Job (not otherwise listed) ","وظيفة حكومية ( غير الموجودة ضمن الخيارات)",""
"employment","home_based_income","Home-based income-generating activity (sewing, shoe repair, small agricultural activity (garden, beekeeping, etc.))","النشاط المدر للدخل القائم على المنزل (الخياطة ، إصلاح الأحذية ، النشاط الزراعي الصغير (الحديقة ، تربية النحل ، إلخ))",""
"employment","other","Other","اخرى",""
"","","","",""
"reasons_for_debt","basic_hh_expenditure","Basic household expenditures (rent, utilities)","نفقات الاسرة الاساسية ( ايجار، اشياء اخرى)",""
"reasons_for_debt","health","Healthcare","لرعاية صحية",""
"reasons_for_debt","Food","Food","طعام",""
"reasons_for_debt","Education","Education","التعليم",""
"reasons_for_debt","Clothing","Clothing or NFIs","ملابس",""
"reasons_for_debt","purchase_pro_assets","Purchasing productive assets for small business or income-generating activities","لشراء المواد الإنتاجية للاعمال الصغيرة أو الأنشطة المدرة للدخل",""
"reasons_for_debt","other","Other","اخرى",""
"","","","",""
"borrow_money","shopkeeper","From the shop for basic needs","من المحل او الدكان لحاجات ضرورية",""
"borrow_money","friends_relatives","Borrowing from Friends or relatives","اقتراض المال من الاهل او الاقارب",""
"borrow_money","borrow_from_bank","Borrowing from the bank or financial istitution","اقتراض المال من البنك او اية مؤسسة مالية",""
"borrow_money","other","Other","اخرى",""
"","","","",""
"place3","within_2km","Within 2 km","ضمن مسافة 2 كم",""
"place3","within_5km","Between 2-5 km away","بين 2 الى 5 كم",""
"place3","more_than5kmaway","More than 5 km","بعيد لاكثر من 5 كم",""
"place3","none","None that the household can access (movement restriction/security)","لا تستطيع الاسرة الوصول اليها ( بسبب قيود في الحركة او لأسباب أمنية)",""
"place3","do_not_know","Do not know","لا أعلم",""
"","","","",""
"market_items","food_items","Basic food items","المواد الغذائية الأساسية",""
"market_items","Water","Water","ماء",""
"market_items","hh_items","Basic household items (eg. Matress, blankets, kitchen utilities..)","الأدوات المنزلية الأساسية (مثل ، الدواشك والبطانيات ومواد المطبخ ..)",""
"market_items","Tools_hardware_mterials","Tools, hardware and mterials","الأدوات والأجهزة",""
"market_items","Hygeine_items","Hygeine items","مستلزمات النظافة",""
"market_items","Basic_medicine","Basic medicine","أدوية رئيسية",""
"market_items","other","Other","اخرى",""
"","","","",""
"livelihoods_needs","cfw_cash","Short term cash through cash-for-work","مبلغ نقدي على المدى القصير من خلال العمل مقابل المال",""
"livelihoods_needs","small_asset_kit","Small asset kit","مجموعة مواد صغيرة",""
"livelihoods_needs","grants","Grants for opening up businesses","منح نقدية لفتح مشاريع ",""
"livelihoods_needs","skills_vocation","Skills / vocational training","  المهارات / التدريب المهني",""
"livelihoods_needs","job","Job placement","التعيين لوظيفة او عمل",""
"livelihoods_needs","other","Other","آخر",""
"","","","",""
"NNNY","yes","Yes","نعم",""
"NNNY","No_already_did","No, because we already did it (so cannot continue to do it)","كلا، لأننا قد قمنا باذلك مسبقا ( لذا لا نستطيع الاستمرار بذلك)",""
"NNNY","No_nobody_in_HH_did","No, nobody in my HH did","كلا، لم يقم بذلك اي فرد من الاسرة",""
"NNNY","Not_applicable","Not applicable (I don't have)","كلا، لا ينطبق ذلك على الاسرة",""
"","","","",""
"Needs","education","Education for children","التعليم للاطفال",""
"Needs","CFS","Child-friendly spaces or activities","مساحة صديقة للطفل او نشاطاتها",""
"Needs","employment","Employment ( livelihood opportunities)","التوظيف ( فرص عمل لكسب العيش)",""
"Needs","Food","Food","الغذاء",""
"Needs","Medical_care","Medical Care","الرعاية الطبية",""
"Needs","Psychosocial_Support","Psychosocial Support","الدعم النفسي والاجتماعي",""
"Needs","GBV_support","Gender-based Violence support","دعم في العنف الجنسي GBV",""
"Needs","EH_clear","Explosive Hazard Clearance","إزالة المتفجرات الخطرة",""
"Needs","EH_education","Explosive Hazard Risk Education","التثقيف حول مخاطر المتفجرات",""
"Needs","shelter_support","Shelter Support","دعم المسكن",""
"Needs","Water","Water","مياه",""
"Needs","Sanitation","Sanitation services","خدمات الصرف الصحي",""
"Needs","vocational_training","Vocational training","التدريبات المهنية",""
"Needs","clothing_footwear","Clothing or Footwear","الملابس او الاحذية",""
"Needs","summerization","Summer kits","مواد صيفية",""
"Needs","winterization","Winter kits","مواد شتوية",""
"Needs","legal_assistance","Legal Assistance (civil documentation, HLP, family law)","مساعدة قانونية (وثائق مدنية، وثائق ملكية الاراضي،..)",""
"Needs","other","Other","اخرى (حدد)",""
"","","","",""
"relationship","head","Head of household","رب الاسرة",""
"relationship","spouse","Spouse of head of household","زوج / زوجة رب الاسرة",""
"relationship","child","Son/daughter","الابن / الابنة ",""
"relationship","sibling","Brother/Sister (sibling)","الأخ / الأخت ( الاشقاء)",""
"relationship","parent","Father/Mother","الأب / الأم",""
"relationship","childinlaw","Son/Daughter in law","الصهر (زوج الابنة) / الكنة (زوجة الابن)",""
"relationship","grandchild","Grandchild","الحفيد",""
"relationship","parentinlaw","Father/mother in law","الحما / الحماة",""
"relationship","nephew_niece","Nephew / Niece","ابن / ابنة الاخ او الاخت",""
"relationship","other_relative","Other relatives","أقرباء آخرون",""
"relationship","guest","Guest or non-relative","ضيف او غير قريب",""
"relationship","error","Error - extra group added by mistake","خطا-تم اضافة مجموعة اخرى بالخطأ",""
"","","","","v"
"gender","male","Male","ذكر",""
"gender","female","Female","انثى",""
"","","","","v"
"marital_status","single","Single","اعزب / عزباء",""
"marital_status","married","Married","متزوج / ة",""
"marital_status","separated","Separated","منفصل /ة",""
"marital_status","divorced","Divorced","مطلق /ة",""
"marital_status","widowed","Widowed","ارمل/ة",""
"","","","","v"
"civil_documents","passport","Passport","جواز سفر",""
"civil_documents","id_card","National ID card","هوية الاحوال المدنيه",""
"civil_documents","citizenship_certificate","Citizenship certificate","شهادةالجنسية",""
"civil_documents","food_ration_card","Food ration card (PDS)","بطاقة تموين",""
"civil_documents","information_card","Information card","بطاقة المعلومات (زانياري)",""
"civil_documents","birth_certificate","Birth certificate","شهادة ميلاد",""
"civil_documents","marriage_certificate","Marriage certificate","وثيقة زواج",""
"civil_documents","divorce_certificate","Divorce certificate","شهادة الطلاق",""
"civil_documents","death_certificate","Death certificate","شهادة وفاة",""
"civil_documents","guardianship_certificate","Guardianship certificate","شهادة الوصاية",""
"civil_documents","trusteeship_certificate","Trusteeship certificate (Qaemoma)","وكالة عامة",""
"civil_documents","inheritance_deed","Inheritance deed","حجة حصر الارث",""
"civil_documents","graduation_certificate","Graduation / School certificate","شهادة مدرسية او شهادة تخرّج",""
"civil_documents","driver_license","Driver license","رخصة القيادة",""
"civil_documents","resdiency","Residency permit or Housing support letter","تصريح الاقامة او بطاقة السكن",""
"civil_documents","other","Other","اخرى",""
"","","","","v"
"health_barriers","no_issues","No issues","لم تكن هناك صعوبات",""
"health_barriers","healthcare_cost","Cost of services was too high","تكلفة الخدمات الصحية كانت غالية جدا   ",""
"health_barriers","unqualified_staff_hosp","Did not get access to qualified health staff at hospital","عدم الوصول الى كادر طبي مؤهل في المستشفى",""
"health_barriers","unqualified_staff_phc","Did not get access to qualified health staff at public health clinic","عدم الوصول الى كادر طبي مؤهل في مركز صحي عام",""
"health_barriers","language_barrier","Language barrier","حاجز لغوي",""
"health_barriers","refused_treatment","Medical staff refused treatment without any explanation","رفض الكادر الطبي العلاج دون أعطاء اي تفسير",""
"health_barriers","no_medicine_hosp","No medicine available at hospital","لم يكن الدواء متوفر في المستشفى",""
"health_barriers","no_medicine_pharm","No medicine available at pharmacy","لم يكن الدواء متوفر في الصيدلية",""
"health_barriers","no_medicine_phc","No medicine available at public health clinic","لم يكن الدواء متوفر في عيادة الصحة العامة",""
"health_barriers","no_transport","No transport available","لم تكن موجودة اي وسيلة نقل",""
"health_barriers","no_offered_treatment_phc","No treatment available for my disease at the public health clinic","لم يكن يوجد علاج لهذه المشكلة في عيادة الصحة العامة",""
"health_barriers","no_offered_treatment_hosp","No treatment available for the problem at the hospital","لم يكن يوجد علاج لهذه المشكلة في المستشفى",""
"health_barriers","civ_docs_problems","Problems with civil documents","مشاكل مع الوثائق المدنية   ",""
"health_barriers","no_referral_phc","Public health clinic did not provide referral","لم توفر عيادة الصحة العامة اي إحالة",""
"health_barriers","phc_closed","Public health clinic not open","كانت عيادة الصحة العامة مغلقة",""
"health_barriers","distance_to_treatmentcenter","The treatment center was too far away","بسبب بعد مسافة المشفى او العيادة",""
"health_barriers","medicine_cost_high","Cost of medicine was too high","تكلفة الادوية كانت غالية",""
"health_barriers","gender_descrimination","Gender descrimination","التمييز الجنسي",""
"health_barriers","no_support_from_family","No support from family","عدم وجود دعم من العائلة",""
"","","","","v"
"health_events","Serious_Physical_Injuries","Serious Physical Injuries (broken bones, burns)"," إصابات جسدية خطيرة (كسور في العظام ، حروق)",""
"health_events","Extreme_weight_loss","Extreme weight loss"," فقدان الوزن الشديد",""
"health_events","Difficulty_breathing","Difficulty breathing"," صعوبة في التنفس",""
"health_events","skin_inflamation","Skin rashes or inflammation"," طفح جلدي أو التهاب",""
"health_events","swollen_feet","Swollen feet"," تورم القدمين",""
"health_events","measles","Measles"," الحصبة",""
"health_events","Juandice","Jaundice (yellow discoloration of skin or eyes)"," اليرقان (تغير لون الجلد أو العين الى اللون الاصفر)","اليرقان (Jaundice) والذي يدعى ايضا الصفار هو مرض ناجم عن تكون  كمية زائدة  في الدم من صباغ بني الى مائل إلى الصفرة ويؤدي تراكمه وترسبه تحت الجلد الى اصفرار الجلد والعينين. "
"health_events","TB","TB"," مرض السل",""
"health_events","other","Other health issue (specify)"," مشكلة صحية أخرى ",""
"health_events","none","None","لا شيء",""
"","","","","v"
"chronic","Heart_disease","Heart disease","مرض القلب",""
"chronic","Cancer","Cancer","السرطان",""
"chronic","Lung_disease","Lung disease","ذات الرئة / مرض في الرئة",""
"chronic","Diabetes","Diabetes","السكري",""
"chronic","Kidney","Renal (kidney) disease","مرض الكلى ( كلية)",""
"chronic","None","None","لا شيء",""
"","","","","v"
"reasons_not_attend","Cannot_afford_to_pay","Cannot afford to pay for tuition/costs","لا يمكن تحمل رسوم التعليم / التكاليف",""
"reasons_not_attend","No_space_inschool","No space in school/ school did not answer/unable to register","لا توجد مساحة في المدرسة / المدرسة لا تستجيب / غير قادر على التسجيل",""
"reasons_not_attend","school_bad_condition","Schools not in good condition (problems with latrines, electricity, furniture)","المدارس ليست في حالة جيدة (مشاكل في المراحيض والكهرباء والأثاث)",""
"reasons_not_attend","lack_suitable_curriculum","Schools lack a suitable curriculum","المدارس تفتقر إلى المناهج الدراسية المناسبة",""
"reasons_not_attend","lack_trained_teachers","Schools lack trained teachers","المدارس تفتقر إلى المعلمين المدربين",""
"reasons_not_attend","lacked_gender_appropriate_staff","Schools lacked gender-appropriate staff","تفتقر المدارس إلى الموظفين المناسبين للجنسين",""
"reasons_not_attend","Children_stay_home","Children need to stay at home and assist with household chores ","يحتاج الأطفال إلى البقاء في المنزل والمساعدة في الأعمال المنزلية",""
"reasons_not_attend","participate_remunerative_activities","Family needs the child to participate in remunerative activities","العائلة بحاجة إلى الطفل للمشاركة في أنشطة مدرة للدخل",""
"reasons_not_attend","Recently_displacement","Recently or continuous displacement","النزوح مؤخراً  أو مستمر بالانتقال",""
"reasons_not_attend","education_not_importatnt","Do not consider education important","لا تعتبر التعليم مهم",""
"reasons_not_attend","Security_situation_Insecurity ","Security situation/Insecurity ","الوضع الأمني / انعدام الأمن",""
"reasons_not_attend","Child_disabled","Child is disabled, unhealthy, or traumatized","الطفل معوق ، مريض ، أو مصدوم",""
"reasons_not_attend","Child_disinterested","Child is disinterested","الطفل غير مهتم",""
"reasons_not_attend","Missed_too_much","Missed too much to make up","غاب كثيرا ولا يمكن تعويضه",""
"reasons_not_attend","school_too_far","School is too far or no transportation","المدرسة بعيدة أو  لاتوجد مواصلات لها",""
"reasons_not_attend","other","Other","اخرى",""
"","","","","v"
"employment_barrires","Increased_competition","Increased competition for jobs; not enough jobs for everyone","زيادة المنافسة على الوظائف / لا توجد وظائف كافية للجميع",""
"employment_barrires","jobs_far","Available jobs are too far away","الوظائف المتاحة بعيدة جدا",""
"employment_barrires","only_low_available","Only low-skilled, socially degrading or low-paid jobs are available","توافر وظائف منخفضة المهارات فقط، أو المهينة اجتماعيا أو المنخفضة في الاجر",""
"employment_barrires","Underqualified_for_jobs","Underqualified for available jobs","غير مؤهل للوظائف المتاحة",""
"employment_barrires","lack_of_connections","Lack of family/personal connections","عدم وجود اتصالات عائلية / شخصية ( معارف او واسطات)",""
"employment_barrires","none","None","لم تكن هناك صعوبات",""
"employment_barrires","other","Other","اخرى",""
"","","","","v"
"intentions12","current","Remain in the location","البقاء في المكان",""
"intentions12","return","Return to area of origin","العودة الى منطقة الاصل",""
"intentions12","move_iraq","Move to another location - inside Iraq","الانتقال الى مكان آخر ( داخل العراق)",""
"intentions12","move_other","Move to another location - outside Iraq","الانتقال الى مكان آخر ( خارج العراق)",""
"intentions12","dnk","Do not know - waiting to make a decision","لا أعلم – الأنتظار حتى اتخاذ القرار",""
"","","","","v"
"restriction","clearance","Needing to obtain security clearance/coupons","الحاجة الى الحصول على تصريح أمني او بطاقة إذن للخروج",""
"restriction","id_authorities","Needing to show ID documents to civilian authorities or security actors","الحاجة إلى إظهار وثائق الهوية للسلطات المدنية أو الجهات الأمنية",""
"restriction","time","Time restrictions on when to leave and return","قيود على وقت المغادرة والعودة",""
"restriction","reason","Needing to provide a specific reason for movement (employment, medical, school)","الحاجة الى تحديد سبب المغادرة( مثال: للعمل, او حالة طبية او الى المدرسة)",""
"restriction","road_blocks","Physical road blocks","وجود حواجز على الطرقات",""
"restriction","other","Other","اخرى",""
"","","","","v"
"restriction_number","one","One time","مرة واحدة",""
"restriction_number","two","Two times","مرتان",""
"restriction_number","three","Three times","ثلاثة مرات",""
"restriction_number","four_five","Four to five times","من 5 الى 6 مرات",""
"restriction_number","six_plus","More than six times","لأكثر من 6 مرات",""
"","","","","v"
"YND1","yes","Yes","نعم",""
"YND1","no","No","كلا",""
"YND1","decline_to_answer","Decline to answer","يفضل عدم الاجابة",""
"","","","","v"
"hlp_docs","with_member","Physically with me","ابقيها معي ( بحوزتي)",""
"hlp_docs","secure_place","Not with me but in a secure place","ليست معي ولكنها في مكان آمن",""
"hlp_docs","lost","Lost","مفقودة",""
"hlp_docs","stolen_taken","Stolen or confiscated","مسروقة او مُصادرة",""
"hlp_docs","dnk","Does not know","لا اعلم",""
"hlp_docs","never","We never obtained ownership documents","لم نحصل على وثائق اثبات ملكية اطلاقاً",""
"hlp_docs","no_hlp","We do not own a house, land or property in the area of origin","نحن لا نمتلك منزلاً أو أرضًا أو ممتلكات في منطقة الأصل",""
"","","","","v"
"rent_labour","reduced_rent","Yes, reduced rent","نعم، ايجار منخفض",""
"rent_labour","free_accomodation","Yes, free accomodation","نعم، سكن مجاني",""
"rent_labour","no","No","كلا",""
"","","","","v"
"shelter_issues","none","No issues","لا توجد قضايا",""
"shelter_issues","uxo","Contamination from explosive hazards","تلوث المسكن من مخاطر المتفجرات",""
"shelter_issues","flood_landslide","Land at risk of flooding or landslides","أرض معرضة لخطر الفيضانات أو الانهيارات الأرضية",""
"shelter_issues","waste_dumping","Solid waste dumping site","المسكن في موقع تفريغ النفايات الصلبة",""
"shelter_issues","fire","Fire risks","مخاطر اندلاع حريق",""
"shelter_issues","insicure_isolated","Shelter located in an insicure or isolated area","وقوع المسكن في منطقة غير آمنة او معزولة",""
"shelter_issues","not_solid","Shelter not solid enough to offer protection from intruders","المأوى ليس قوياً بما فيه الكفاية لتوفير الحماية من المتسللين",""
"shelter_issues","no_fence","Shelter not fenced","لا يوجد سياج للمسكن",""
"shelter_issues","no_tenure","Shelter without security for tenure","لا يوجد ضمان لإمتلاك المسكن",""
"shelter_issues","no_separated_rooms","Shelter without separate rooms","مأوى دون غرف منفصلة",""
"shelter_issues","no_space","Not enough space or lack of space inside the shelter (min 5.5m2 per person)","لا توجد مساحة كافية أو عدم وجود مساحة داخل المسكن (بحد أدنى 5.5 م 2 للشخص الواحد)",""
"shelter_issues","low_high_ceilings","Ceilings are too high or too low","الأسقف ( السقوف) مرتفعة جدًا أو منخفضة جدًا",""
"shelter_issues","no_light","Lack of natura lighting","عدم وجود اضاءة طبيعية ( من الشمس مثلا)",""
"shelter_issues","leaking","Leaking roof during rain","تسرّب في السطح أثناء المطر ",""
"shelter_issues","insulation","Shelter poorly insulated","مأوى ضعيف العزل",""
"shelter_issues","openings_walls","Openings on the walls","فتحات في الجدران",""
"shelter_issues","broken_windows","Broken windows","نوافذ مكسورة",""
"shelter_issues","no_ventilation","Lack or limited ventilation (min 1m2 opening on one side of the house, 0.5m2 on other)","قلة أو تهوية محدودة (فتحة صغيرة تبلغ 1 م 2 على جانب واحد من المنزل ، 0.5 م 2 على الأخرى)",""
"shelter_issues","no_heating","Lack of heating","عدم وجود تدفئة",""
"shelter_issues","no_electrical","No electrical connection","لا يوجد اتصال كهربائي ( لا توجد شبكة كهرباء)",""
"shelter_issues","missing_washing","Missing or substandard washing facilities","مرافق الغسيل مفقودة أو دون المستوى",""
"shelter_issues","missing_cooking","Lack of access to cooking facilities","عدم الوصول إلى مرافق الطبخ",""
"shelter_issues","sings_failure","Signs of failure (leaning walls, cracks on the walls)","علامات السقوط (الجدران المائلة ، الشقوق على الجدران)",""
"shelter_issues","bends_structure","Bends in structural components (beams, slab, column)","الانحناءات في المكونات الهيكلية (الحزم ، البلاطة ، العمود)",""
"shelter_issues","other","Other","اخرى",""
"","","","","v"
"shelter_better","protec_hazards","Protection from hazards  (contamination from explosive hazards, land at risk of flooding or landslides, solid waste dumping site, fire risks, etc.)","الحماية من الأخطار (التلوث من مخلفات الحرب القابلة للانفجار ، الأراضي المعرضة لخطر الفيضانات أو الانهيارات الأرضية ، موقع التخلص من النفايات الصلبة ، مخاطر الحريق ، إلخ.)",""
"shelter_better","improve_safety","Improve safety and security (shelter located in an insecure/ isolated area, shelter not solid enough to offer protection from intruders, not fenced, without security of tenure, etc)","تحسين السلامة والأمن (المأوى الموجود في منطقة غير آمنة / معزولة ، والمأوى ليس قويا بما فيه الكفاية لتوفير الحماية من المتطفلين ، وليس المسيّج ، ضمان امتلاك المسكن ، الخ)",""
"shelter_better","improve_privacy","Improve privacy and dignity (no separate rooms, not enough space, shared facilities such as toilets & showers, low/high ceilings, lack of ventilation, lack of natural lighting)","تحسين الخصوصية والكرامة (لا توجد غرف منفصلة ، لا توجد مساحة كافية ، مرافق مشتركة مثل المراحيض والاستحمام ، السقوف المنخفضة / العالية ، قلة التهوية ، قلة الإضاءة الطبيعية)",""
"shelter_better","protect_climate","Protect from climatic conditions (leaking roof, floor not insulated, opening on the walls, broken windows, lack of ventilation, missing heating system, etc.) ","حماية من الظروف المناخية (تسريب السطح ، الأرضية غير معزولة ، الفتحة على الجدران ، النوافذ المكسورة ، قلة التهوية ، نظام التدفئة المفقود ، الخ.)",""
"shelter_better","improve_infrastructure","Improve basic infrastructures and utilities (access to electricity, cooking and bathing/toilet  facilities)","تحسين البنى التحتية والمرافق الأساسية (الوصول إلى الكهرباء والطهي ومرافق الاستحمام / المرحاض)",""
"shelter_better","improve_structure","Improve structural stability of the building (signs of failure such as leaning walls, big cracks and bends in structural components  - beam, slab, column, rafter, purlin and wall)","تحسين الاستقرار الهيكلي للمبنى (علامات السقوط مثل الجدران المائلة ، الشقوق الكبيرة والانحناءات في المكونات الهيكلية، البلاطة ، العمود ، العوارض الخشبية ، المدادة والجدار)",""
"shelter_better","none","No improvements needed (my shelter is good as it is)","لا حاجة إلى تحسينات (المأوى الخاص بي جيد كما هو)",""
"shelter_better","other","Other","اخرى",""
"","","","","v"
"info_aid","safety_seuirty","Safety and security","الامن والامان",""
"info_aid","status_housing","Status of housing","وضع المنزل",""
"info_aid","livelihoods","Livelihoods","الحياة المعيشية",""
"info_aid","water_services","Water services","خدمات المياه",""
"info_aid","electr_services","Electricity services","خدمات الكهرباء",""
"info_aid","education","Education","التعليم",""
"info_aid","healthcare","Healthcare","الرعاية الصحية",""
"info_aid","assistance","Humanitarian assistance","المساعدات الانسانية",""
"info_aid","legal_services","Legal services","خدمات قانونية",""
"info_aid","hlp_ingo","Housing, land and property services","خدمات الاسكان والاراضي والممتلكات",""
"info_aid","uxo_info","Explosive hazards clearance (mines, bombs, IEDs)","إزالة مخاطر المتفجرات (الألغام والقنابل والعبوات الناسفة)",""
"info_aid","renew_docs","Renewing official documentation","تجديد الوثائق الرسمية",""
"info_aid","no_info_needed","I do not want to receive information","لا أريد تلقي المعلومات",""
"info_aid","other","Other","اخرى",""
"","","","","v"
"info_provider","fam_aoo","Friends and family living in the area of origin","الأصدقاء والعائلة الذين يعيشون في منطقة المنشأ",""
"info_provider","fam_aoo_30days","Friends and family that visited the area of origin in the past 30 days","الأصدقاء والعائلة الذين زاروا منطقة الأصل في الثلاثين يومًا الماضية",""
"info_provider","fam_no_aoo","Friends and family that have not been in the area of origin","الأصدقاء والعائلة الذين لم يكونوا في منطقة الأصل",""
"info_provider","local_authorities","Local authorities","السلطات المحلية",""
"info_provider","national_authorities","National authorities","السلطات الوطنية",""
"info_provider","ngo_humanit","NGO/humanitarian actors","المنظمات غير الحكومية / الجهات الفاعلة الإنسانية",""
"info_provider","religious_leaders","Religious leaders","الزعماء الدينيين",""
"info_provider","mukhtars","Mukhtars","المخاتير",""
"info_provider","sector_leaders","Sector leaders","رؤساء القطاع",""
"info_provider","schools_centres","Schools and community centres","المدارس والمراكز المجتمعية",""
"info_provider","other","Other","اخرى",""
"","","","","v"
"info_mode","direct_obs","Direct observation","من خلال الملاحظة المباشرة",""
"info_mode","face_cmmunic","Face-to-face communication (e.g. from friends)","اتصال مباشر وجهاً لوجه ( من الاصدقاء او العائلة مثلاً)",""
"info_mode","television","Television","من التلفاز",""
"info_mode","telephone","Telephone/mobile phone (Voice call)","مكالمة صوتية من الموبايل",""
"info_mode","mobile","Mobile phone (text SMS)","رسائل نصية من الموبايل",""
"info_mode","facebook_app","Facebook (app)","تطبيق فيسبوك",""
"info_mode","facebook_messenger","Facebook (messenger)","تطبيق فيسبوك ماسنجر",""
"info_mode","whatsapp","Whatsapp","واتساب",""
"info_mode","Viber","Viber","فايبر",""
"info_mode","other_social","Other social networks (Skype, instagram, twitter)","شبكات التواصل الاجتماعي الاخرى( سكايب، فايبر، انستغرام، تويتر)",""
"info_mode","notice_board","Notice boards and posters","لوحة اعلانات وملصقات",""
"info_mode","newspapers","Newspapers and magazines","الجرائد والمجلات",""
"info_mode","leaflet","Printed leaflet","نشرات مطبوعة",""
"info_mode","loud_speakers","Loud speakers","مكبرات الصوت",""
"info_mode","radio","Radio","الراديو",""
"info_mode","other","Other","اخرى",""
"","","","","v"
"aid_type","cash","Cash","مال / نقود",""
"aid_type","food","Food","غذاء",""
"aid_type","water","Water","ماء",""
"aid_type","fuel","Fuel","وقود",""
"aid_type","shelter","Shelter","مسكن",""
"aid_type","seasonal_items","Seasonal items","مواد موسمية",""
"aid_type","other_nfi","Other non-food items","مواد غير غذائية اخرى",""
"aid_type","protection","Protection services (legal assistance; psycho-social support; GBV services; child protection services; explosive hazard risk education)","خدمات الحماية (المساعدة القانونية ؛ الدعم النفسي-الاجتماعي ؛ خدمات العنف المبني على النوع الاجتماعي ؛ خدمات حماية الطفل ؛ التثقيف حول مخاطر المتفجرات)",""
"","","","","v"
"aid_feedback","aid_worker_home","Face to face (at home) with aid worker","اتصال مباشر وجهاً لوجه ( في المنزل) مع عامل الاغاثة",""
"aid_feedback","aid_worker_office","Face to face (in office/other venue) with aid worker","اتصال مباشر وجهاً لوجه ( في المكتب او مكان آخر) مع عامل الاغاثة",""
"aid_feedback","member_community","Face to face with member of the community ","وجها لوجه مع عضو في المجتمع",""
"aid_feedback","phone_call","Phone call","مكالمة هاتفية",""
"aid_feedback","sms","SMS (WhatsApp, Viber, etc.)","الرسائل النصية القصيرة (WhatsApp ، فايبر ، إلخ.)",""
"aid_feedback","email","E-mail","البريد الإلكتروني / ايميل",""
"aid_feedback","letter","Letter","رسالة خطّية / كتابية",""
"aid_feedback","social_media","Social media (Facebook, etc.)","وسائل التواصل الاجتماعي (Facebook ، إلخ.)",""
"aid_feedback","suggestion_box","Complaints/suggestions box","صندوق الشكاوي والاقتراحات",""
"aid_feedback","other","Other","اخرى",""
"","","","","v"
"aid_not_satisfied","quality","Quality not good enough","النوعية ليست جيدة بما فيه الكفاية",""
"aid_not_satisfied","quantity","Quantity not enough","الكمية غير كافية",""
"aid_not_satisfied","delays","Delays in delivery of aid","التأخير في تسليم المساعدة",""
"aid_not_satisfied","other","Other","اخرى",""
"","","","","v"
"ask_aid","no","No","لا",""
"ask_aid","yes_survey","Yes, I was asked through surveys","نعم ، لقد سُئلت من خلال الاستطلاعات",""
"ask_aid","yes_leaders","Yes, I was asked by community leaders","نعم ، سألني قادة المجتمع",""
"ask_aid","yes_focus","Yes, I attended a focus group discussion","نعم ، حضرت مناقشة جماعية للمجتمع",""
"ask_aid","yes_counsel","Yes; I received one-on-one counselling about my assistance options","نعم فعلا؛ تلقيت المشورة الفردية حول خيارات المساعدة الخاصة بي",""
"","","","","v"
"aid_result_diff","quantity","Quantity of items/services was different than expected","كمية المواد /الخدمات كانت مختلفة عن المتوقع",""
"aid_result_diff","type","Type of items/services were different than expected","نوع المواد/الخدمات كان مختلف عن المتوقع",""
"aid_result_diff","quality","Quality of items/services were different than expected","جودة المواد/الخدمات كانت مختلفة عما هو متوقع",""
"aid_result_diff","other","Other","اخرى",""
"","","","","v"
"ngo","MCNA01","Al-Huda Foundation","Al-Huda Foundation",""
"ngo","MCNA02","al-Tawasul wa al-Ekha Human Organisation","al-Tawasul wa al-Ekha Human Organisation",""
"ngo","MCNA03","DRC","DRC",""
"ngo","MCNA04","HRF","HRF",""
"ngo","MCNA05","IRC","IRC",""
"ngo","MCNA06","Janat Al-frdaws","Janat Al-frdaws",""
"ngo","MCNA07","Medair","Medair",""
"ngo","MCNA08","Mercy Corps","Mercy Corps",""
"ngo","MCNA09","Mercy Hands","Mercy Hands",""
"ngo","MCNA10","Oxfam","Oxfam",""
"ngo","MCNA11","IOM","IOM",""
"ngo","MCNA12","REACH","REACH",""
"ngo","MCNA13","Sahara Economic Development Organization (SEDO)","Sahara Economic Development Organization (SEDO)",""
"ngo","MCNA14","TdH","TdH",""
"ngo","MCNA15","UIMS","UIMS",""
"ngo","MCNA16","War Child UK","War Child UK",""
"ngo","MCNA17","WHH","WHH",""
"ngo","MCNA18","World Vision","World Vision",""
"ngo","MCNA19","Other","Other",""
"","","","","v"
"management","Private_clinic","Private clinic","عيادة خاصة",""
"management","Public_facility","Public health facility (clinic or hospital)","منشأة صحية عامة ( عيادة او مشفى عام)",""
"management","INGO","International organization (UN, IFRC, MSF)","منظمة دولية ( الامم المتحدة، الهلال الاحمر العراقي، اطباء بلا حدود)",""
"management","local_ngo","Local organization (religious group, volunteers)","منظمات محلية ( جهات دينية ، متطوعين)",""
"management","do_not_know","Do not know","لا اعلم",""
"management","none","None","لا احد ",""
"management","other","Other","اخرى",""
"","","","","v"
"behavior_change","withdrawn","Withdrawn from family and friends ","الانسحاب من العائلة والأصدقاء",""
"behavior_change","anger","Angry or aggressive outbursts","غضب او عدوانية",""
"behavior_change","appetite_change","Changes in appetite or eating habits","تغيرات في الشهية او عادات الاكل",""
"behavior_change","headached","Headaches","الصداع",""
"behavior_change","bedwetting","New or recurrent bedwetting","التبول اللاإرادي الجديد أو المتكرر",""
"behavior_change","nightmares","Nightmares or sleep disturbances","كوابيس أو اضطرابات النوم",""
"behavior_change","upset_stomach","Upset stomach or vague stomach pain","اضطراب في المعدة أو ألم مبهم في المعدة",""
"behavior_change","fears","New or recurring fears (fear of the dark, fear of being alone, fear of strangers)","مخاوف جديدة أو متكررة (الخوف من الظلام ، الخوف من الخلوة ، الخوف من الغرباء)",""
"behavior_change","clinging","Clinging, unwilling to let you out of sight","التشبث ، عدم الرغبة في تركك بعيدا عن الأنظار",""
"behavior_change","crying","Excessive crying","البكاء المفرط",""
"behavior_change","infant_behaviour","Going back to behaviors present when a younger age","العودة إلى السلوكيات الحالية عند سن أصغر",""
"behavior_change","startled","Startled easily","الاندهاش او الذهول بسهولة",""
"behavior_change","drugs","Substance use/abuse","الاستخدام او سوء الاستخدام",""
"","","","","v"
"intention_ret","unstable","Security situation in return area is unstable (including presence of armed groups). ","الوضع الأمني في منطقة العودة غير مستقر (بما في ذلك وجود جماعات مسلحة).",""
"intention_ret","uxo","Presence of unexploded ordinances (e.g. mines, bombs, IEDs). ","وجود مواد غير منفجرة (مثل الألغام والقنابل والعبوات الناسفة).",""
"intention_ret","legal_concerns","Legal and physical protection concerns (e.g. threats of violence;; detention risk; GBV risk; forced recruitment risk, etc.). ","مخاوف الحماية القانونية والبدنية (على سبيل المثال ، التهديدات بالعنف ؛ مخاطر الاحتجاز ؛ مخاطر العنف القائم من حيث الجنس ؛ خطر التجنيد القسري ، إلخ).",""
"intention_ret","no_basic_needs","Unavailability of basic services (e.g. water, electricity, health, education). ","عدم توفر الخدمات الأساسية (مثل الماء والكهرباء والصحة والتعليم).",""
"intention_ret","no_property","Property destroyed/ severely damaged/ looted/ occupied. ","الممتلكات التي دمرت / تضررت بشدة / نهب / المحتلة.",""
"intention_ret","no_livelihoods","Lack of livelihood opportunities. ","نقص فرص كسب الرزق.",""
"intention_ret","community_tension","Inter-communal or inter-tribal tensions. ","التوترات بين الطوائف أو بين القبائل.",""
"","","","",""
